{
    "version": "3.5.0-16084",
    "description": "Synology Drive Client 是 DSM 附加套件 Synology Drive Server 的桌面实用程序",
    "homepage": "https://www.synology.cn/",
    "license": "Unknown",
    "url": "https://global.synologydownload.com/download/Utility/SynologyDriveClient/3.5.0-16084/Windows/Installer/x86_64/Synology%20Drive%20Client-3.5.0-16084-x64.msi#/SynologyDriveClient.msi_",
    "hash": "5fc1eb8af607fab0e77add9a5667ee60a10541cdc26c652cb292da484ade09f5",
    "installer": {
        "script": "Invoke-ExternalCommand msiexec -ArgumentList @('/i', \"$dir\\SynologyDriveClient.msi_\", '/qr') -RunAs | Out-Null"
    },
    "uninstaller": {
        "script": [
            "Invoke-ExternalCommand msiexec -ArgumentList @('/x', \"$dir\\SynologyDriveClient.msi_\", '/qn') -RunAs | Out-Null",
            "Remove-Item \"$dir\\SynologyDriveClient.msi_\""
        ]
    },
    "checkver": {
        "url": "https://www.synology.cn/zh-cn/releaseNote/SynologyDriveClient",
        "regex": "Version: (?<patch>\\d+\\.\\d+\\.\\d+-\\d+)",
        "replace": "${patch}"
    },
    "autoupdate": {
        "url": "https://global.synologydownload.com/download/Utility/SynologyDriveClient/$version/Windows/Installer/x86_64/Synology%20Drive%20Client-$version-x64.msi#/SynologyDriveClient.msi_",
        "hash": {
            "mode": "download"
        }
    }
}
