{
    "version": "2.12.0",
    "description": "The 1Password command-line tool makes your 1Password account accessible entirely from the command line.",
    "homepage": "https://developer.1password.com/docs/cli",
    "license": {
        "identifier": "Shareware",
        "url": "https://1password.com/legal/terms-of-service/"
    },
    "architecture": {
        "64bit": {
            "url": "https://cache.agilebits.com/dist/1P/op2/pkg/v2.12.0/op_windows_amd64_v2.12.0.zip",
            "hash": "e256d82b42602d7ab1472b0ea918c69150c71dcddbbe0da1270b689b1e2d6dfa"
        },
        "32bit": {
            "url": "https://cache.agilebits.com/dist/1P/op2/pkg/v2.12.0/op_windows_386_v2.12.0.zip",
            "hash": "642fc2edc2f81a81fedf26919cb2f7312a30397aa3fdb8dedf4dacda92d3099e"
        }
    },
    "bin": "op.exe",
    "notes": [
        "1Password CLI v2 completely changes the commands schema! Either migrate your setup, following ",
        "instructions on https://developer.1password.com/docs/cli/upgrade/#step-2-update-your-scripts ",
        "or install 1Password CLI v1 from the Versions bucket."
    ],
    "checkver": {
        "url": "https://app-updates.agilebits.com/product_history/CLI2",
        "regex": "/op_windows_amd64_v([\\d.]+)\\.zip"
    },
    "autoupdate": {
        "architecture": {
            "64bit": {
                "url": "https://cache.agilebits.com/dist/1P/op2/pkg/v$version/op_windows_amd64_v$version.zip"
            },
            "32bit": {
                "url": "https://cache.agilebits.com/dist/1P/op2/pkg/v$version/op_windows_386_v$version.zip"
            }
        }
    }
}
