{
    "version": "0.2.34",
    "description": "Local Github actions runner.",
    "homepage": "https://github.com/nektos/act/",
    "license": "MIT",
    "architecture": {
        "64bit": {
            "url": "https://github.com/nektos/act/releases/download/v0.2.34/act_Windows_x86_64.zip",
            "hash": "6a0b44d13fd3639c6f9ae9603c65cf5b62a5ad228e7f79f63d4151a56e8d1789"
        },
        "32bit": {
            "url": "https://github.com/nektos/act/releases/download/v0.2.34/act_Windows_i386.zip",
            "hash": "66a97aab1c28799f7974e6c0ea6186d549923ff2c1663bbd355785c912efeb43"
        }
    },
    "bin": "act.exe",
    "checkver": "github",
    "autoupdate": {
        "architecture": {
            "64bit": {
                "url": "https://github.com/nektos/act/releases/download/v$version/act_Windows_x86_64.zip"
            },
            "32bit": {
                "url": "https://github.com/nektos/act/releases/download/v$version/act_Windows_i386.zip"
            }
        },
        "hash": {
            "url": "$baseurl/checksums.txt"
        }
    }
}
