{
    "version": "2.0.2",
    "description": "Automate and organize your workflows, no matter what technology you use",
    "homepage": "http://ahoycli.com",
    "license": "MIT",
    "url": "https://github.com/ahoy-cli/ahoy/releases/download/2.0.2/ahoy-bin-windows-amd64.exe#/ahoy.exe",
    "hash": "d70ddbec1f3cf7cbac2192941437e62f8a616bcd238e2ff791a2e9aac7cba398",
    "bin": "ahoy.exe",
    "checkver": {
        "github": "https://github.com/ahoy-cli/ahoy"
    },
    "autoupdate": {
        "url": "https://github.com/ahoy-cli/ahoy/releases/download/$version/ahoy-bin-windows-amd64.exe#/ahoy.exe"
    }
}
