{
    "version": "3.6.0",
    "description": "A file list program that supports multiple storage, powered by Gin and Solidjs.",
    "homepage": "https://alist.nn.ci",
    "license": "AGPL-3.0-or-later",
    "architecture": {
        "64bit": {
            "url": "https://github.com/alist-org/alist/releases/download/v3.6.0/alist-windows-amd64.zip",
            "hash": "md5:742f97e87f3d973b19bbedec73dc1a16"
        },
        "32bit": {
            "url": "https://github.com/alist-org/alist/releases/download/v3.6.0/alist-windows-386.zip",
            "hash": "md5:d510f42f428cb5cbbacfdd2731ff5781"
        }
    },
    "bin": [
        [
            "alist.exe",
            "alist",
            "--force-bin-dir"
        ]
    ],
    "persist": [
        "data",
        "log"
    ],
    "checkver": {
        "github": "https://github.com/alist-org/alist"
    },
    "autoupdate": {
        "architecture": {
            "64bit": {
                "url": "https://github.com/alist-org/alist/releases/download/v$version/alist-windows-amd64.zip"
            },
            "32bit": {
                "url": "https://github.com/alist-org/alist/releases/download/v$version/alist-windows-386.zip"
            }
        },
        "hash": {
            "url": "$baseurl/md5.txt"
        }
    }
}
