{
    "version": "3.0.141",
    "description": "Manage and use Alibaba Cloud resources.",
    "homepage": "https://github.com/aliyun/aliyun-cli",
    "license": "Apache-2.0",
    "architecture": {
        "64bit": {
            "url": "https://github.com/aliyun/aliyun-cli/releases/download/v3.0.141/aliyun-cli-windows-3.0.141-amd64.zip",
            "hash": "9043d43bcf39c45e6bf23319e608f2731f72c41cd9673789344e17ebfa495a4a"
        }
    },
    "bin": "aliyun.exe",
    "checkver": "github",
    "autoupdate": {
        "architecture": {
            "64bit": {
                "url": "https://github.com/aliyun/aliyun-cli/releases/download/v$version/aliyun-cli-windows-$version-amd64.zip"
            }
        }
    }
}
