{
    "version": "3.21.2",
    "description": "The OWASP Amass Project performs network mapping of attack surfaces and external asset discovery using open source information gathering and active reconnaissance techniques.",
    "homepage": "https://github.com/OWASP/Amass",
    "license": "Apache-2.0",
    "architecture": {
        "64bit": {
            "url": "https://github.com/OWASP/Amass/releases/download/v3.21.2/amass_windows_amd64.zip",
            "hash": "499aded3a5f4ad62112d592128c245a7f38d841475428df10b9dded5291fc926",
            "extract_dir": "amass_windows_amd64"
        }
    },
    "bin": "amass.exe",
    "checkver": "github",
    "autoupdate": {
        "architecture": {
            "64bit": {
                "url": "https://github.com/OWASP/Amass/releases/download/v$version/amass_windows_amd64.zip"
            }
        },
        "hash": {
            "url": "https://github.com/OWASP/Amass/releases/download/v$version/amass_checksums.txt"
        }
    }
}
