{
    "version": "1.0.0",
    "description": "Azure API Management DevOps Resource Kit",
    "homepage": "https://github.com/Azure/azure-api-management-devops-resource-kit",
    "license": "MIT",
    "depends": "azure-cli",
    "architecture": {
        "64bit": {
            "url": "https://github.com/Azure/azure-api-management-devops-resource-kit/releases/download/1.0.0/reskit-1.0.0.zip",
            "hash": "5cda3dd02f4f5d68ba5915e3d51148e71882e6b7392674cff78ab4055fa9152d"
        }
    },
    "bin": "armtemplates.exe",
    "checkver": {
        "url": "https://github.com/Azure/azure-api-management-devops-resource-kit/releases",
        "regex": "tag/([\\d.]+)\""
    },
    "autoupdate": {
        "architecture": {
            "64bit": {
                "url": "https://github.com/Azure/azure-api-management-devops-resource-kit/releases/download/$version/reskit-$version.zip"
            }
        }
    }
}
