{
    "version": "0.29.0",
    "description": "Arduino command line interface",
    "homepage": "https://github.com/arduino/arduino-cli",
    "license": "GPL-3.0-or-later",
    "architecture": {
        "64bit": {
            "url": "https://github.com/arduino/arduino-cli/releases/download/0.29.0/arduino-cli_0.29.0_Windows_64bit.zip",
            "hash": "e7473a72e40c7d7a1b29c4a3ec4646f9b9163e46c35fd78e34f1e315c2dd1e38"
        },
        "32bit": {
            "url": "https://github.com/arduino/arduino-cli/releases/download/0.29.0/arduino-cli_0.29.0_Windows_32bit.zip",
            "hash": "366a6d354083db5386ff5e0d92043d23940e11cba9c3a5cf46ccea5a849e21ea"
        }
    },
    "bin": "arduino-cli.exe",
    "checkver": "github",
    "autoupdate": {
        "architecture": {
            "64bit": {
                "url": "https://github.com/arduino/arduino-cli/releases/download/$version/arduino-cli_$version_Windows_64bit.zip"
            },
            "32bit": {
                "url": "https://github.com/arduino/arduino-cli/releases/download/$version/arduino-cli_$version_Windows_32bit.zip"
            }
        }
    }
}
