{
    "version": "2.5.5",
    "description": "CLI for ArgoCD - declarative, GitOps continuous delivery tool for Kubernetes",
    "homepage": "https://github.com/argoproj/argo-cd",
    "license": "Apache-2.0",
    "architecture": {
        "64bit": {
            "url": "https://github.com/argoproj/argo-cd/releases/download/v2.5.5/argocd-windows-amd64.exe#/argocd.exe",
            "hash": "329af4efe58b4ca72bf55d051f2d1155441a0e460192cf17f8f8ca9736fb251f"
        }
    },
    "bin": "argocd.exe",
    "checkver": "github",
    "autoupdate": {
        "architecture": {
            "64bit": {
                "url": "https://github.com/argoproj/argo-cd/releases/download/v$version/argocd-windows-amd64.exe#/argocd.exe"
            }
        }
    }
}
