{
    "version": "0.4.8",
    "description": "A tool which offers an opinionated way of installing Argo-CD and managing GitOps repositories.",
    "homepage": "https://github.com/argoproj-labs/argocd-autopilot",
    "license": "Apache-2.0",
    "architecture": {
        "64bit": {
            "url": "https://github.com/argoproj-labs/argocd-autopilot/releases/download/v0.4.8/argocd-autopilot-windows-amd64.tar.gz",
            "hash": "8de5a0b5eb67bac9ea2c7f97263fc9f2b4de4d7cc19c81b889842f66f67bcfc2"
        }
    },
    "pre_install": "Rename-Item \"$dir\\argocd-autopilot-windows-amd64\" 'argocd-autopilot.exe' -ErrorAction SilentlyContinue",
    "bin": "argocd-autopilot.exe",
    "checkver": "github",
    "autoupdate": {
        "architecture": {
            "64bit": {
                "url": "https://github.com/argoproj-labs/argocd-autopilot/releases/download/v$version/argocd-autopilot-windows-amd64.tar.gz",
                "hash": {
                    "url": "https://github.com/argoproj-labs/argocd-autopilot/releases/download/v$version/argocd-autopilot-windows-amd64.sha256"
                }
            }
        }
    }
}
