{
    "version": "3.4.4",
    "description": "Workflow engine for orchestrating parallel jobs on Kubernetes",
    "homepage": "https://github.com/argoproj/argo-workflows",
    "license": "Apache-2.0",
    "architecture": {
        "64bit": {
            "url": "https://github.com/argoproj/argo-workflows/releases/download/v3.4.4/argo-windows-amd64.exe.gz",
            "hash": "0927c1c45e341f64956e481a8fbb587f1ea719ff4b52b6bf63917ea999bbb9a5"
        }
    },
    "pre_install": "Rename-Item $dir\\argo-windows-amd64.exe $dir\\argo.exe",
    "bin": "argo.exe",
    "checkver": "github",
    "autoupdate": {
        "architecture": {
            "64bit": {
                "url": "https://github.com/argoproj/argo-workflows/releases/download/v$version/argo-windows-amd64.exe.gz"
            }
        },
        "hash": {
            "url": "$url.sha256"
        }
    }
}
