{
    "version": "2.5.7",
    "description": "Asciidoctor integration & API for Java and other JVM languages",
    "homepage": "https://asciidoctor.org/docs/asciidoctorj",
    "license": "Apache-2.0",
    "suggest": {
        "JDK": "java/openjdk"
    },
    "url": "https://repo1.maven.org/maven2/org/asciidoctor/asciidoctorj/2.5.7/asciidoctorj-2.5.7-bin.zip",
    "hash": "e25292735620cbb31af11e2fc730b52d9dac35a68f2f2f7ca4ee5aef0dfb7c37",
    "extract_dir": "asciidoctorj-2.5.7",
    "bin": "bin\\asciidoctorj.bat",
    "checkver": {
        "url": "https://repo1.maven.org/maven2/org/asciidoctor/asciidoctorj/maven-metadata.xml",
        "xpath": "/metadata/versioning/latest"
    },
    "autoupdate": {
        "url": "https://repo1.maven.org/maven2/org/asciidoctor/asciidoctorj/$version/asciidoctorj-$version-bin.zip",
        "hash": {
            "url": "$url.sha256"
        },
        "extract_dir": "asciidoctorj-$version"
    }
}
