{
    "version": "2.21.2",
    "description": "Allows deleting all resources of an AWS account.",
    "homepage": "https://github.com/rebuy-de/aws-nuke",
    "license": "MIT",
    "architecture": {
        "64bit": {
            "url": "https://github.com/rebuy-de/aws-nuke/releases/download/v2.21.2/aws-nuke-v2.21.2-windows-amd64.zip",
            "hash": "d7650572489a2cc842514575039d7bff65297ce630de18b908eba465216845fc"
        }
    },
    "pre_install": "Rename-Item \"$dir\\aws-nuke-v$version-windows-amd64.exe\" \"$dir\\aws-nuke.exe\"",
    "bin": "aws-nuke.exe",
    "checkver": "github",
    "autoupdate": {
        "architecture": {
            "64bit": {
                "url": "https://github.com/rebuy-de/aws-nuke/releases/download/v$version/aws-nuke-v$version-windows-amd64.zip"
            }
        }
    }
}
