{
    "version": "10.5.2",
    "description": "A unified toolchain to create, integrate, and manage the AWS cloud services for your app.",
    "homepage": "https://docs.amplify.aws/cli",
    "license": "Apache-2.0",
    "architecture": {
        "64bit": {
            "url": "https://github.com/aws-amplify/amplify-cli/releases/download/v10.5.2/amplify-pkg-win.exe.tgz",
            "hash": "4e69d7ea415e988c810c910faeb7c452aac54b1d057a2e30d91793c25e32485c"
        }
    },
    "pre_install": "Rename-Item \"$dir\\amplify-pkg-win.exe\" 'amplify.exe'",
    "bin": "amplify.exe",
    "checkver": {
        "github": "https://github.com/aws-amplify/amplify-cli"
    },
    "autoupdate": {
        "architecture": {
            "64bit": {
                "url": "https://github.com/aws-amplify/amplify-cli/releases/download/v$version/amplify-pkg-win.exe.tgz"
            }
        }
    }
}
