{
    "version": "2.9.11",
    "description": "Unified tool to manage AWS services",
    "homepage": "https://aws.amazon.com/cli/",
    "license": "Apache-2.0",
    "architecture": {
        "64bit": {
            "url": "https://awscli.amazonaws.com/AWSCLIV2-2.9.11.msi",
            "hash": "8f60b532859459b4a57c04ebd7e8e05407298fcc66329bc88129a8aae6fc0a14"
        }
    },
    "extract_dir": "Amazon\\AWSCLIV2",
    "bin": [
        "aws.exe",
        "aws_completer.exe"
    ],
    "checkver": {
        "url": "https://api.github.com/repos/aws/aws-cli/tags",
        "jsonpath": "$[0].name"
    },
    "autoupdate": {
        "architecture": {
            "64bit": {
                "url": "https://awscli.amazonaws.com/AWSCLIV2-$version.msi"
            }
        }
    }
}
