{
    "version": "2.43.0",
    "description": "Microsoft Azure CLI 2.0",
    "homepage": "https://aka.ms/cli",
    "license": "MIT",
    "url": "https://azurecliprod.azureedge.net/msi/azure-cli-2.43.0.msi",
    "hash": "a8a054b29095ca528ad76e068781fb8ebbfd8bd71ab231e1b864aee94ea205dc",
    "extract_dir": "Microsoft SDKs\\Azure\\CLI2",
    "bin": "wbin\\az.cmd",
    "checkver": {
        "github": "https://github.com/Azure/azure-cli",
        "regex": "/releases/tag/azure-cli-([\\d.]+)"
    },
    "autoupdate": {
        "url": "https://azurecliprod.azureedge.net/msi/azure-cli-$version.msi"
    },
    "env_set": {
        "AzureCLIPath": "$dir\\wbin",
        "AZURE_CLI_PATH": "$dir\\wbin"
    }
}
