{
    "version": "0.0.25",
    "description": "A client-go credential (exec) plugin implementing Azure authentication.",
    "homepage": "https://github.com/Azure/kubelogin/",
    "license": "MIT",
    "architecture": {
        "64bit": {
            "url": "https://github.com/Azure/kubelogin/releases/download/v0.0.25/kubelogin-win-amd64.zip",
            "hash": "c0b6226dff2e916ba4371575f429620ac14cb1977a50a44057ad5d958ecd615d"
        }
    },
    "bin": "bin\\windows_amd64\\kubelogin.exe",
    "checkver": "github",
    "autoupdate": {
        "architecture": {
            "64bit": {
                "url": "https://github.com/Azure/kubelogin/releases/download/v$version/kubelogin-win-amd64.zip"
            }
        },
        "hash": {
            "url": "$url.sha256"
        }
    }
}
