{
    "version": "3.6.0",
    "description": "Command-line tool that gives easy access to all of the capabilities of B2 Cloud Storage",
    "homepage": "https://www.backblaze.com/b2/docs/quick_command_line.html",
    "license": "MIT",
    "architecture": {
        "64bit": {
            "url": "https://github.com/Backblaze/B2_Command_Line_Tool/releases/download/v3.6.0/b2-windows.exe#/b2.exe",
            "hash": "35d8a1c9109e35cb0d224916ba81db75958c4c76c45f299650084db86a189c77"
        }
    },
    "bin": "b2.exe",
    "checkver": {
        "github": "https://github.com/Backblaze/B2_Command_Line_Tool"
    },
    "autoupdate": {
        "architecture": {
            "64bit": {
                "url": "https://github.com/Backblaze/B2_Command_Line_Tool/releases/download/v$version/b2-windows.exe#/b2.exe"
            }
        }
    }
}
