{
    "version": "1.3.3",
    "description": "Command line utility prints the BLAKE3 hashes of files or of standard input",
    "homepage": "https://github.com/BLAKE3-team/BLAKE3",
    "license": "CC0-1.0|Apache-2.0",
    "architecture": {
        "64bit": {
            "url": "https://github.com/BLAKE3-team/BLAKE3/releases/download/1.3.3/b3sum_windows_x64_bin.exe#/b3sum.exe",
            "hash": "ca75dff23fba7c91fb01c2e3aa73a08aaff3c663b5a94f8df3d1b9bcfa138355"
        }
    },
    "bin": "b3sum.exe",
    "checkver": "github",
    "autoupdate": {
        "architecture": {
            "64bit": {
                "url": "https://github.com/BLAKE3-team/BLAKE3/releases/download/$version/b3sum_windows_x64_bin.exe#/b3sum.exe"
            }
        }
    }
}
