{
    "version": "14.5.18",
    "description": "Official balena CLI for interacting with balenaCloud and balena API.",
    "homepage": "https://github.com/balena-io/balena-cli",
    "license": "Apache-2.0",
    "architecture": {
        "64bit": {
            "url": "https://github.com/balena-io/balena-cli/releases/download/v14.5.18/balena-cli-v14.5.18-windows-x64-standalone.zip",
            "hash": "fd889c0c3012f80294107715b6deaca210f17162342ea8fff9f336d4de7f3a1d"
        }
    },
    "extract_dir": "balena-cli",
    "bin": "balena.exe",
    "checkver": "github",
    "autoupdate": {
        "architecture": {
            "64bit": {
                "url": "https://github.com/balena-io/balena-cli/releases/download/v$version/balena-cli-v$version-windows-x64-standalone.zip"
            }
        }
    }
}
