{
    "version": "0.22.1",
    "description": "A cat(1) clone with syntax highlighting and Git integration",
    "homepage": "https://github.com/sharkdp/bat",
    "license": "Apache-2.0",
    "suggest": {
        "less": "less"
    },
    "architecture": {
        "64bit": {
            "url": "https://github.com/sharkdp/bat/releases/download/v0.22.1/bat-v0.22.1-x86_64-pc-windows-msvc.zip",
            "hash": "d14028b3579df7a5e1b85e5b565fffd33b5e4096df0c719f98f8381ce1dcce6d",
            "extract_dir": "bat-v0.22.1-x86_64-pc-windows-msvc"
        }
    },
    "bin": "bat.exe",
    "checkver": "github",
    "autoupdate": {
        "architecture": {
            "64bit": {
                "url": "https://github.com/sharkdp/bat/releases/download/v$version/bat-v$version-x86_64-pc-windows-msvc.zip",
                "extract_dir": "bat-v$version-x86_64-pc-windows-msvc"
            }
        }
    }
}
