{
    "version": "6.0.0",
    "description": "A fast, scalable, multi-language and extensible build system",
    "homepage": "https://bazel.build",
    "license": "Apache-2.0",
    "suggest": {
        "MSYS2": "msys2",
        "Python27": "versions/python27",
        "curl": "curl"
    },
    "architecture": {
        "64bit": {
            "url": "https://github.com/bazelbuild/bazel/releases/download/6.0.0/bazel-6.0.0-windows-x86_64.zip",
            "hash": "c06551670543fb0d56a4cb4aaf63996391d4be94321a1295fbe484c8039636cf"
        }
    },
    "bin": "bazel.exe",
    "env_set": {
        "BAZEL_SH": "$(appdir msys2 $global)\\current\\usr\\bin\\bash.exe"
    },
    "checkver": {
        "github": "https://github.com/bazelbuild/bazel"
    },
    "autoupdate": {
        "architecture": {
            "64bit": {
                "url": "https://github.com/bazelbuild/bazel/releases/download/$version/bazel-$version-windows-x86_64.zip"
            }
        },
        "hash": {
            "mode": "extract",
            "url": "$url.sha256"
        }
    }
}
