{
    "version": "0.13.1",
    "description": "A declarative language for describing and deploying Azure resources",
    "homepage": "https://github.com/Azure/bicep",
    "license": "MIT",
    "architecture": {
        "64bit": {
            "url": "https://github.com/Azure/bicep/releases/download/v0.13.1/bicep-win-x64.exe#/bicep.exe",
            "hash": "f087bbba4d02d48e7b5b41515d0fa551a356d8b8e99f5aea0e84d42c7c5f9e4f"
        }
    },
    "bin": "bicep.exe",
    "checkver": "github",
    "autoupdate": {
        "architecture": {
            "64bit": {
                "url": "https://github.com/Azure/bicep/releases/download/v$version/bicep-win-x64.exe#/bicep.exe"
            }
        }
    }
}
