{
    "version": "2022.11.0",
    "description": "The powerful command-line tool (CLI) to write and execute scripts on your Bitwarden vault.",
    "homepage": "https://bitwarden.com/",
    "license": "GPL-3.0-or-later",
    "architecture": {
        "64bit": {
            "url": "https://github.com/bitwarden/clients/releases/download/cli-v2022.11.0/bw-windows-2022.11.0.zip",
            "hash": "162e5703352f4abd57971221c05164e4c6b182af8526328df118b3e921228ca0"
        }
    },
    "bin": "bw.exe",
    "checkver": {
        "url": "https://github.com/bitwarden/clients/releases.atom",
        "regex": "\\/cli-v([\\d.]+)<\\/id>"
    },
    "autoupdate": {
        "architecture": {
            "64bit": {
                "url": "https://github.com/bitwarden/clients/releases/download/cli-v$version/bw-windows-$version.zip",
                "hash": {
                    "url": "$baseurl/bw-windows-sha256-$version.txt"
                }
            }
        }
    }
}
