{
    "version": "1.18.0",
    "description": "A new way to see and navigate directory trees",
    "homepage": "https://dystroy.org/broot/",
    "license": "MIT",
    "architecture": {
        "64bit": {
            "url": "https://github.com/Canop/broot/releases/download/v1.18.0/broot_1.18.0.zip",
            "hash": "6896303d58f108c13d8d3517940bab6acd5f3d43e3af3342a191a9371c6ae2e3",
            "extract_dir": "x86_64-pc-windows-gnu"
        }
    },
    "bin": "broot.exe",
    "checkver": {
        "github": "https://github.com/Canop/broot"
    },
    "autoupdate": {
        "architecture": {
            "64bit": {
                "url": "https://github.com/Canop/broot/releases/download/v$version/broot_$version.zip"
            }
        }
    }
}
