{
    "version": "1.11.0",
    "description": "A tool for working with Protocol Buffers APIs, offering a range of features not found in the standard protoc compiler.",
    "homepage": "https://buf.build/",
    "license": "Apache-2.0",
    "architecture": {
        "64bit": {
            "url": "https://github.com/bufbuild/buf/releases/download/v1.11.0/buf-Windows-x86_64.exe#/buf.exe",
            "hash": "438510051507a07833169346c7f727b4c275d777da0c9288812ef8581285c8c7"
        }
    },
    "bin": "buf.exe",
    "checkver": {
        "github": "https://github.com/bufbuild/buf"
    },
    "autoupdate": {
        "architecture": {
            "64bit": {
                "url": "https://github.com/bufbuild/buf/releases/download/v$version/buf-Windows-x86_64.exe#/buf.exe"
            }
        },
        "hash": {
            "url": "$baseurl/sha256.txt"
        }
    }
}
