{
    "version": "0.18.12",
    "description": "A Go web development eco-system, designed to make the life of a Go web developer easier.",
    "homepage": "https://gobuffalo.io/en",
    "license": "MIT",
    "architecture": {
        "64bit": {
            "url": "https://github.com/gobuffalo/cli/releases/download/v0.18.12/buffalo_0.18.12_windows_x86_64.tar.gz",
            "hash": "a0f423abed2f012203b7e5aaac7b7b882ebbec30c96a4dfd51948d90521ec579"
        },
        "32bit": {
            "url": "https://github.com/gobuffalo/cli/releases/download/v0.18.12/buffalo_0.18.12_windows_i386.tar.gz",
            "hash": "1e6fe342b4e24eff288af7e6607ef2e3dc3e598cc4b86925d8444daa65406cd2"
        }
    },
    "bin": "buffalo.exe",
    "checkver": {
        "github": "https://github.com/gobuffalo/cli"
    },
    "autoupdate": {
        "architecture": {
            "64bit": {
                "url": "https://github.com/gobuffalo/cli/releases/download/v$version/buffalo_$version_windows_x86_64.tar.gz"
            },
            "32bit": {
                "url": "https://github.com/gobuffalo/cli/releases/download/v$version/buffalo_$version_windows_i386.tar.gz"
            }
        },
        "hash": {
            "url": "$baseurl/checksums.txt"
        }
    }
}
