{
    "##": "Do not extract hash, it's not up to date.",
    "version": "2022-10-11",
    "description": "CA certificates extracted from the Mozilla CA certificate store, in PEM format",
    "homepage": "https://curl.haxx.se/docs/caextract.html",
    "license": "MPL-2.0",
    "url": "https://curl.haxx.se/ca/cacert-2022-10-11.pem#/cacert.pem",
    "hash": "2cff03f9efdaf52626bd1b451d700605dc1ea000c5da56bd0fc59f8f43071040",
    "post_install": "if (Test-Path \"$(appdir curl $global)\") { Copy-Item \"$dir\\cacert.pem\" \"$(appdir curl $global)\\current\\bin\\curl-ca-bundle.crt\" }",
    "checkver": "cacert-([\\d-]+)\\.pem",
    "autoupdate": {
        "url": "https://curl.haxx.se/ca/cacert-$version.pem#/cacert.pem"
    }
}
