{
    "version": "0.32.2",
    "description": "Carvel vendir is a tool that makes it easy to vendor portions of git repos, github releases, helm charts, docker image contents, etc. declaratively",
    "homepage": "https://carvel.dev/vendir/",
    "license": "Apache-2.0",
    "notes": "See https://carvel.dev/vendir/#examples for some examples",
    "architecture": {
        "64bit": {
            "url": "https://github.com/vmware-tanzu/carvel-vendir/releases/download/v0.32.2/vendir-windows-amd64.exe#/vendir.exe",
            "hash": "3e70cbf7a6809f27031e17e8d5638bf1b8e0dbb66a8caa133fce463c74e0a588"
        }
    },
    "bin": "vendir.exe",
    "checkver": {
        "github": "https://github.com/vmware-tanzu/carvel-vendir"
    },
    "autoupdate": {
        "architecture": {
            "64bit": {
                "url": "https://github.com/vmware-tanzu/carvel-vendir/releases/download/v$version/vendir-windows-amd64.exe#/vendir.exe",
                "hash": {
                    "url": "https://github.com/vmware-tanzu/carvel-vendir/releases",
                    "regex": "$sha256  \\./vendir-windows-amd64\\.exe"
                }
            }
        }
    }
}
