{
    "version": "4.1.0",
    "description": "Language-agnostic real-time messaging server. Centrifugo supports at moment: Websocket and SockJS",
    "homepage": "https://centrifugal.dev",
    "license": "MIT",
    "architecture": {
        "64bit": {
            "url": "https://github.com/centrifugal/centrifugo/releases/download/v4.1.0/centrifugo_4.1.0_windows_amd64.zip",
            "hash": "cbbf1ea6daae65a3dc9f54e874b5c9e79b6383c08e6538b7485e8b4a100125fc"
        }
    },
    "bin": "centrifugo.exe",
    "checkver": {
        "github": "https://github.com/centrifugal/centrifugo"
    },
    "autoupdate": {
        "architecture": {
            "64bit": {
                "url": "https://github.com/centrifugal/centrifugo/releases/download/v$version/centrifugo_$version_windows_amd64.zip"
            }
        },
        "hash": {
            "url": "$baseurl/centrifugo_$version_checksums.txt"
        }
    }
}
