{
    "version": "2.28.0",
    "description": "Manage your dotfiles across multiple diverse machines, securely.",
    "homepage": "https://chezmoi.io",
    "license": "MIT",
    "architecture": {
        "64bit": {
            "url": "https://github.com/twpayne/chezmoi/releases/download/v2.28.0/chezmoi_2.28.0_windows_amd64.zip",
            "hash": "d5ab79ed7ba64c89cfd643f65854f08ca04ad35dcbf4fc75d945b14cd72768f3"
        },
        "32bit": {
            "url": "https://github.com/twpayne/chezmoi/releases/download/v2.28.0/chezmoi_2.28.0_windows_i386.zip",
            "hash": "4994a47b1301bf762e5fa68d5612615ce03a3280d81e31a87d8d6e97deb3e25a"
        },
        "arm64": {
            "url": "https://github.com/twpayne/chezmoi/releases/download/v2.28.0/chezmoi_2.28.0_windows_arm64.zip",
            "hash": "07de123662956c56e268c57ac38b0c46c16c8bbe9b87afc45643a022a254a8b2"
        }
    },
    "bin": "chezmoi.exe",
    "checkver": {
        "github": "https://github.com/twpayne/chezmoi/"
    },
    "autoupdate": {
        "architecture": {
            "64bit": {
                "url": "https://github.com/twpayne/chezmoi/releases/download/v$version/chezmoi_$version_windows_amd64.zip"
            },
            "32bit": {
                "url": "https://github.com/twpayne/chezmoi/releases/download/v$version/chezmoi_$version_windows_i386.zip"
            },
            "arm64": {
                "url": "https://github.com/twpayne/chezmoi/releases/download/v$version/chezmoi_$version_windows_arm64.zip"
            }
        },
        "hash": {
            "url": "$baseurl/checksums.txt",
            "regex": "$sha256\\s*$basename"
        }
    }
}
