{
    "version": "108.0.5359.71",
    "description": "An open source tool for automated testing of webapps across many browsers",
    "homepage": "https://chromedriver.chromium.org/",
    "license": "BSD-3-Clause",
    "url": "https://chromedriver.storage.googleapis.com/108.0.5359.71/chromedriver_win32.zip",
    "hash": "md5:fd537a80faa26daecb09372c606a0c2c",
    "bin": "chromedriver.exe",
    "checkver": "stable.*?([\\d.]+)<",
    "autoupdate": {
        "url": "https://chromedriver.storage.googleapis.com/$version/chromedriver_win32.zip",
        "hash": {
            "url": "https://chromedriver.storage.googleapis.com/?prefix=$version/",
            "regex": "$version/$basename.*?\"$md5\""
        }
    }
}
