{
    "version": "0.1.22924",
    "description": "Set of CircleCI’s advanced and powerful tools.",
    "homepage": "https://circleci-public.github.io/circleci-cli/",
    "license": "MIT",
    "architecture": {
        "64bit": {
            "url": "https://github.com/CircleCI-Public/circleci-cli/releases/download/v0.1.22924/circleci-cli_0.1.22924_windows_amd64.zip",
            "hash": "fd428f6011e4e3310441ec743d29f82206df8aa62633eca3cca22d255ed21656",
            "extract_dir": "circleci-cli_0.1.22924_windows_amd64"
        }
    },
    "bin": "circleci.exe",
    "checkver": {
        "github": "https://github.com/CircleCI-Public/circleci-cli"
    },
    "autoupdate": {
        "architecture": {
            "64bit": {
                "url": "https://github.com/CircleCI-Public/circleci-cli/releases/download/v$version/circleci-cli_$version_windows_amd64.zip",
                "extract_dir": "circleci-cli_$version_windows_amd64"
            }
        },
        "hash": {
            "url": "$baseurl/circleci-cli_$version_checksums.txt"
        }
    }
}
