{
    "version": "0.4.2",
    "description": "Completions for various commands through Clink",
    "homepage": "https://github.com/vladimir-kotikov/clink-completions",
    "license": "MIT",
    "suggest": {
        "Clink": "clink"
    },
    "url": "https://github.com/vladimir-kotikov/clink-completions/archive/v0.4.2.zip",
    "hash": "431cb3df15b847c10badf8b69dda26a312942b2e50ddec1eaa391ac55275fbd5",
    "extract_dir": "clink-completions-0.4.2",
    "installer": {
        "script": [
            "if (Get-Command clink -ErrorAction SilentlyContinue) {",
            "   clink installscripts \"$dir\"",
            "} else {",
            "   warn 'Clink installation not found. Please manually install these scripts.'",
            "}"
        ]
    },
    "uninstaller": {
        "script": [
            "if (Get-Command clink -ErrorAction SilentlyContinue) {",
            "   clink uninstallscripts \"$dir\"",
            "}"
        ]
    },
    "checkver": "github",
    "autoupdate": {
        "url": "https://github.com/vladimir-kotikov/clink-completions/archive/v$version.zip",
        "extract_dir": "clink-completions-$version"
    }
}
