{
    "version": "2022.12.1",
    "description": "Command-line client to interact with Cloudflare Tunnel, Cloudflare Access, start up a DNS over HTTPS resolver and more.",
    "homepage": "https://github.com/cloudflare/cloudflared",
    "license": "Apache-2.0",
    "architecture": {
        "64bit": {
            "url": "https://github.com/cloudflare/cloudflared/releases/download/2022.12.1/cloudflared-windows-amd64.exe#/cloudflared.exe",
            "hash": "c429719a45ca14f52513fe55320ebc49433c729a0d2223479d9d43597eab39fa"
        },
        "32bit": {
            "url": "https://github.com/cloudflare/cloudflared/releases/download/2022.12.1/cloudflared-windows-386.exe#/cloudflared.exe",
            "hash": "78c89b7ff0f350800df0e0286aae943edd28da7bcdb65f549481307acedcb60f"
        }
    },
    "bin": "cloudflared.exe",
    "checkver": "github",
    "autoupdate": {
        "architecture": {
            "64bit": {
                "url": "https://github.com/cloudflare/cloudflared/releases/download/$version/cloudflared-windows-amd64.exe#/cloudflared.exe"
            },
            "32bit": {
                "url": "https://github.com/cloudflare/cloudflared/releases/download/$version/cloudflared-windows-386.exe#/cloudflared.exe"
            }
        }
    }
}
