{
    "version": "3.25.1",
    "description": "Family of tools designed to build, test and package software",
    "homepage": "https://cmake.org",
    "license": "BSD-3-Clause",
    "architecture": {
        "64bit": {
            "url": "https://github.com/Kitware/CMake/releases/download/v3.25.1/cmake-3.25.1-windows-x86_64.zip",
            "hash": "d93958d87cc9b91983489f0b37a268b03a3c891894d11f5437fa2a5ce94aab24",
            "extract_dir": "cmake-3.25.1-windows-x86_64"
        },
        "32bit": {
            "url": "https://github.com/Kitware/CMake/releases/download/v3.25.1/cmake-3.25.1-windows-i386.zip",
            "hash": "6f661cd493bc868aa10c8ae3ac1e88caabec45ce8b3f035d5fd165ab9a08bc0c",
            "extract_dir": "cmake-3.25.1-windows-i386"
        }
    },
    "bin": [
        "bin\\cmake.exe",
        "bin\\cmcldeps.exe",
        "bin\\cpack.exe",
        "bin\\ctest.exe",
        "bin\\cmake-gui.exe"
    ],
    "shortcuts": [
        [
            "bin\\cmake-gui.exe",
            "cmake-gui"
        ]
    ],
    "checkver": {
        "url": "https://cmake.org/download/",
        "regex": "Latest Release \\(([\\d.]+)\\)"
    },
    "autoupdate": {
        "architecture": {
            "64bit": {
                "url": "https://github.com/Kitware/CMake/releases/download/v$version/cmake-$version-windows-x86_64.zip",
                "extract_dir": "cmake-$version-windows-x86_64"
            },
            "32bit": {
                "url": "https://github.com/Kitware/CMake/releases/download/v$version/cmake-$version-windows-i386.zip",
                "extract_dir": "cmake-$version-windows-i386"
            }
        },
        "hash": {
            "url": "$baseurl/cmake-$version-SHA-256.txt"
        }
    }
}
