{
    "version": "22.2.1",
    "description": "The SQL database for global cloud services",
    "homepage": "https://www.cockroachlabs.com/",
    "license": {
        "identifier": "Freeware,BSL-1.1,MIT,...",
        "url": "https://github.com/cockroachdb/cockroach/blob/master/LICENSE"
    },
    "architecture": {
        "64bit": {
            "url": "https://binaries.cockroachdb.com/cockroach-v22.2.1.windows-6.2-amd64.zip",
            "hash": "b90eec3bc50e9819f2a44e49436e4f4701d7fef59d2ff6c621c312d4995738fc",
            "extract_dir": "cockroach-v22.2.1.windows-6.2-amd64"
        }
    },
    "bin": "cockroach.exe",
    "checkver": {
        "url": "https://www.cockroachlabs.com/docs/stable/install-cockroachdb.html",
        "regex": "\"version-name\">v([\\d.]+)<"
    },
    "autoupdate": {
        "architecture": {
            "64bit": {
                "url": "https://binaries.cockroachdb.com/cockroach-v$version.windows-6.2-amd64.zip",
                "extract_dir": "cockroach-v$version.windows-6.2-amd64"
            }
        }
    }
}
