{
    "version": "2.11.6",
    "description": "Source code security analyzer from GitHub",
    "homepage": "https://github.com/github/codeql-cli-binaries",
    "license": {
        "identifier": "Proprietary",
        "url": "https://github.com/github/codeql-cli-binaries/blob/main/LICENSE.md"
    },
    "architecture": {
        "64bit": {
            "url": "https://github.com/github/codeql-cli-binaries/releases/download/v2.11.6/codeql-win64.zip",
            "hash": "1f762d13a5b3e088b1b65dce4d9633021084377bb07d4c8c31dab4b30a8a835f",
            "extract_dir": "codeql"
        }
    },
    "bin": "codeql.exe",
    "checkver": "github",
    "autoupdate": {
        "architecture": {
            "64bit": {
                "url": "https://github.com/github/codeql-cli-binaries/releases/download/v$version/codeql-win64.zip"
            }
        }
    }
}
