{
    "version": "0.13.6",
    "description": "Creates remote development machines so your team can develop from anywhere.",
    "homepage": "https://coder.com/",
    "license": "AGPL-3.0-or-later",
    "architecture": {
        "64bit": {
            "url": "https://github.com/coder/coder/releases/download/v0.13.6/coder_0.13.6_windows_amd64.zip",
            "hash": "7a55fdaa053f5528ddeabfd39684eabfa390c417226a402f2b0d63c3bfb317e8"
        }
    },
    "bin": "coder.exe",
    "env_set": {
        "CODER_CONFIG_DIR": "$dir\\config"
    },
    "persist": "config",
    "checkver": {
        "github": "https://github.com/coder/coder"
    },
    "autoupdate": {
        "architecture": {
            "64bit": {
                "url": "https://github.com/coder/coder/releases/download/v$version/coder_$version_windows_amd64.zip"
            }
        },
        "hash": {
            "url": "$baseurl/coder_$version_checksums.txt"
        }
    }
}
