{
    "version": "7.9.0",
    "description": "Concourse CI/CD manager and controller",
    "homepage": "https://concourse-ci.org/fly.html",
    "license": "Apache-2.0",
    "architecture": {
        "64bit": {
            "url": "https://github.com/concourse/concourse/releases/download/v7.9.0/fly-7.9.0-windows-amd64.zip",
            "hash": "sha1:6a3249c39548576c9367afc1577d1a56252c8c2d"
        }
    },
    "bin": "fly.exe",
    "checkver": {
        "github": "https://github.com/concourse/concourse"
    },
    "autoupdate": {
        "architecture": {
            "64bit": {
                "url": "https://github.com/concourse/concourse/releases/download/v$version/fly-$version-windows-amd64.zip"
            }
        },
        "hash": {
            "url": "$url.sha1"
        }
    }
}
