{
    "version": "0.37.0",
    "description": "Test utility for structured configuration files",
    "homepage": "https://www.conftest.dev",
    "license": "Apache-2.0",
    "architecture": {
        "64bit": {
            "url": "https://github.com/open-policy-agent/conftest/releases/download/v0.37.0/conftest_0.37.0_Windows_x86_64.zip",
            "hash": "ececd3c8f4da16bca93d0ff121721508d99bf41dbce6377181afa2f65d6dabb7"
        }
    },
    "bin": "conftest.exe",
    "checkver": {
        "github": "https://github.com/open-policy-agent/conftest"
    },
    "autoupdate": {
        "architecture": {
            "64bit": {
                "url": "https://github.com/open-policy-agent/conftest/releases/download/v$version/conftest_$version_Windows_x86_64.zip"
            }
        },
        "hash": {
            "url": "$baseurl/checksums.txt"
        }
    }
}
