{
    "version": "1.14.3",
    "description": "Service Discovery and Configuration",
    "homepage": "https://www.consul.io",
    "license": "MPL-2.0",
    "architecture": {
        "64bit": {
            "url": "https://releases.hashicorp.com/consul/1.14.3/consul_1.14.3_windows_amd64.zip",
            "hash": "b4fad9d5bcbece307777524d1411d41f96089385ff8c29ad7e170d6d12c238d4"
        },
        "32bit": {
            "url": "https://releases.hashicorp.com/consul/1.14.3/consul_1.14.3_windows_386.zip",
            "hash": "8f2fb286417a076327765a0d555c6fa57d64f95955e004acfe6ce8282a8ab06b"
        }
    },
    "bin": "consul.exe",
    "checkver": {
        "url": "https://releases.hashicorp.com/consul/",
        "regex": "consul_([\\d.]+)</a>"
    },
    "autoupdate": {
        "architecture": {
            "64bit": {
                "url": "https://releases.hashicorp.com/consul/$version/consul_$version_windows_amd64.zip"
            },
            "32bit": {
                "url": "https://releases.hashicorp.com/consul/$version/consul_$version_windows_386.zip"
            }
        },
        "hash": {
            "url": "$baseurl/consul_$version_SHA256SUMS"
        }
    }
}
