{
    "version": "2022.04.1",
    "description": "A formal proof management system. It provides a formal language to write mathematical definitions, executable algorithms and theorems together with an environment for semi-interactive development of machine-checked proofs.",
    "homepage": "https://coq.inria.fr/",
    "license": {
        "identifier": "Proprietary, LGPL-2.1-only, LGPL-3.0-or-later, MIT, GPL-2.0-only, BSD-2-Clause-FreeBSD, CECILL-C, BSD-3-Clause, CECILL-B, ...",
        "url": "https://github.com/AbsInt/CompCert/blob/master/LICENSE"
    },
    "architecture": {
        "64bit": {
            "url": "https://github.com/coq/platform/releases/download/2022.04.1/Coq-Platform-release-2022.04.1-version_8.15_2022.04-arch-x86_64_signed.exe#/dl.7z",
            "hash": "f5c717ee1e1220d8a3882bf84a479d4d338efd50cb96b9aa9466be7f8b1c29f8"
        },
        "32bit": {
            "url": "https://github.com/coq/platform/releases/download/2022.04.1/Coq-Platform-release-2022.04.1-version_8.15_2022.04-arch-i686_signed.exe#/dl.7z",
            "hash": "1af4f6302f09edf1abe576d8d9a37a52ad730f92ffe3c9285f030579b652048a"
        }
    },
    "pre_install": "Remove-Item \"$dir\\`$*\", \"$dir\\Uninstall*\" -Recurse -Force",
    "bin": [
        "bin\\coqtop.exe",
        "bin\\coqc.exe",
        "bin\\coqchk.exe",
        "bin\\coqidetop.opt.exe"
    ],
    "shortcuts": [
        [
            "bin\\coqide.exe",
            "CoqIDE"
        ]
    ],
    "env_set": {
        "COQBIN": "bin"
    },
    "checkver": {
        "url": "https://api.github.com/repos/coq/platform/releases/latest",
        "regex": "Coq-Platform-release-([\\d.]+)-version_(?<coqver>[\\d.]+)_[\\d.]+-arch-x86_64_signed.exe",
        "reverse": true
    },
    "autoupdate": {
        "architecture": {
            "64bit": {
                "url": "https://github.com/coq/platform/releases/download/$version/Coq-Platform-release-$version-version_$matchCoqver_$majorVersion.$minorVersion-arch-x86_64_signed.exe#/dl.7z"
            },
            "32bit": {
                "url": "https://github.com/coq/platform/releases/download/$version/Coq-Platform-release-$version-version_$matchCoqver_$majorVersion.$minorVersion-arch-i686_signed.exe#/dl.7z"
            }
        }
    }
}
