{
    "version": "1.10.0",
    "description": "A DNS server/forwarder, that chains plugins.",
    "homepage": "https://coredns.io",
    "license": "Apache-2.0",
    "architecture": {
        "64bit": {
            "url": "https://github.com/coredns/coredns/releases/download/v1.10.0/coredns_1.10.0_windows_amd64.tgz",
            "hash": "bf9a586ccc01261d72692c9418a4cedc2bdb4c2783f41f60924da2e386727356"
        }
    },
    "bin": "coredns.exe",
    "checkver": {
        "github": "https://github.com/coredns/coredns"
    },
    "autoupdate": {
        "architecture": {
            "64bit": {
                "url": "https://github.com/coredns/coredns/releases/download/v$version/coredns_$version_windows_amd64.tgz"
            }
        },
        "hash": {
            "url": "$url.sha256"
        }
    }
}
