{
    "version": "1.13.1",
    "description": "Container Signing, Verification and Storage in an OCI registry.",
    "homepage": "https://github.com/sigstore/cosign",
    "license": "Apache-2.0",
    "architecture": {
        "64bit": {
            "url": "https://github.com/sigstore/cosign/releases/download/v1.13.1/cosign-windows-amd64.exe#/cosign.exe",
            "hash": "78a2774b68b995cc698944f6c235b1c93dcb6d57593a58a565ee7a56d64e4b85"
        }
    },
    "bin": "cosign.exe",
    "checkver": "github",
    "autoupdate": {
        "architecture": {
            "64bit": {
                "url": "https://github.com/sigstore/cosign/releases/download/v$version/cosign-windows-amd64.exe#/cosign.exe"
            }
        },
        "hash": {
            "url": "$baseurl/cosign_checksums.txt",
            "regex": "(?im)^$sha256\\s+$basename$"
        }
    }
}
