{
    "version": "1.00",
    "description": "Simple yet fancy CPU architecture fetching tool",
    "homepage": "https://github.com/Dr-Noob/cpufetch",
    "license": "MIT",
    "architecture": {
        "64bit": {
            "url": "https://github.com/Dr-Noob/cpufetch/releases/download/v1.00/cpufetch_x86-64_windows.exe#/cpufetch.exe",
            "hash": "94c1fb41f320ad591488ebcd2a2f3d64fcb81afcd2d39671686d32f2d82c2c41"
        },
        "32bit": {
            "url": "https://github.com/Dr-Noob/cpufetch/releases/download/v1.00/cpufetch_x86_windows.exe#/cpufetch.exe",
            "hash": "09d7b3f6d2a31021f15332236be448c014ed1237ed5442f594b390f2992f6b17"
        }
    },
    "bin": "cpufetch.exe",
    "checkver": "github",
    "autoupdate": {
        "architecture": {
            "64bit": {
                "url": "https://github.com/Dr-Noob/cpufetch/releases/download/v$version/cpufetch_x86-64_windows.exe#/cpufetch.exe"
            },
            "32bit": {
                "url": "https://github.com/Dr-Noob/cpufetch/releases/download/v$version/cpufetch_x86_windows.exe#/cpufetch.exe"
            }
        }
    }
}
