{
    "version": "6.2.7",
    "description": "rsync is a file transfer program capable of efficient remote update via a fast differencing algorithm.",
    "homepage": "https://itefix.net/cwrsync",
    "license": "https://itefix.net/simplified-bsd-license",
    "architecture": {
        "64bit": {
            "url": "https://itefix.net/dl/free-software/cwrsync_6.2.7_x64_free.zip",
            "hash": "ab55d70cf84ca62ba010263b3e65b9927ff8d73a08769e3527ecfb5f37dd3811",
            "extract_dir": "cwrsync_6.2.7_x64_free"
        }
    },
    "bin": "bin\\rsync.exe",
    "checkver": {
        "url": "https://itefix.net/cwrsync",
        "regex": "cwrsync_([\\d.]+)_x64_free\\.zip"
    },
    "autoupdate": {
        "architecture": {
            "64bit": {
                "url": "https://itefix.net/dl/free-software/cwrsync_$version_x64_free.zip",
                "extract_dir": "cwrsync_$version_x64_free",
                "hash": {
                    "url": "$url.sha256.asc"
                }
            }
        }
    }
}
