{
    "version": "5.0.2",
    "description": "Tool to find duplicates, similar images and music.",
    "homepage": "https://github.com/qarmin/czkawka",
    "license": "MIT",
    "architecture": {
        "64bit": {
            "url": "https://github.com/qarmin/czkawka/releases/download/5.0.2/windows_czkawka_cli.exe#/czkawka.exe",
            "hash": "215cb7f0e1348560748783b712cb90a01972cc7a7224630244c1b5219d0baaed"
        }
    },
    "bin": [
        "czkawka.exe",
        [
            "czkawka.exe",
            "windows_czkawka_cli"
        ]
    ],
    "checkver": "github",
    "autoupdate": {
        "architecture": {
            "64bit": {
                "url": "https://github.com/qarmin/czkawka/releases/download/$version/windows_czkawka_cli.exe#/czkawka.exe"
            }
        }
    }
}
