{
    "version": "0.3.7",
    "description": "A portable devkit for CI/CD pipelines",
    "homepage": "https://dagger.io/",
    "license": "Apache-2.0",
    "architecture": {
        "64bit": {
            "url": "https://github.com/dagger/dagger/releases/download/v0.3.7/dagger_v0.3.7_windows_amd64.zip",
            "hash": "5f04da26a8ab7926cb35b77c698d86f4992a6ad4858bd8a562d8b1e27f42a6e6"
        }
    },
    "bin": "dagger.exe",
    "checkver": {
        "github": "https://github.com/dagger/dagger"
    },
    "autoupdate": {
        "architecture": {
            "64bit": {
                "url": "https://github.com/dagger/dagger/releases/download/v$version/dagger_v$version_windows_amd64.zip",
                "hash": {
                    "url": "$baseurl/checksums.txt"
                }
            }
        }
    }
}
