{
    "version": "1.9.1",
    "description": "Command-line tools for Dapr",
    "homepage": "https://github.com/dapr/cli",
    "license": "Apache-2.0",
    "architecture": {
        "64bit": {
            "url": "https://github.com/dapr/cli/releases/download/v1.9.1/dapr_windows_amd64.zip",
            "hash": "3fa211179ae0924fefdf969abb83731abdbd463f4c5ef6abf9fb81802efdcefe"
        }
    },
    "bin": "dapr.exe",
    "checkver": "github",
    "autoupdate": {
        "architecture": {
            "64bit": {
                "url": "https://github.com/dapr/cli/releases/download/v$version/dapr_windows_amd64.zip"
            }
        },
        "hash": {
            "url": "$url.sha256"
        }
    }
}
