{
    "version": "1.21.4",
    "description": "An open source tool that makes it simple to get local PHP development environments up and running in minutes",
    "homepage": "https://ddev.readthedocs.io/en/latest/",
    "license": "Apache-2.0",
    "suggest": {
        "docker": "docker-compose"
    },
    "architecture": {
        "64bit": {
            "url": "https://github.com/drud/ddev/releases/download/v1.21.4/ddev_windows-amd64.v1.21.4.zip",
            "hash": "675d6951c87084466110805ab6517780e8f3c684251144426d40ce928796d0a2"
        }
    },
    "bin": "ddev.exe",
    "checkver": {
        "github": "https://github.com/drud/ddev"
    },
    "autoupdate": {
        "architecture": {
            "64bit": {
                "url": "https://github.com/drud/ddev/releases/download/v$version/ddev_windows-amd64.v$version.zip"
            }
        },
        "hash": {
            "url": "$baseurl/checksums.txt"
        }
    }
}
