{
    "version": "0.15.1",
    "description": "A syntax-highlighter for git and diff output",
    "homepage": "https://github.com/dandavison/delta",
    "license": "MIT",
    "architecture": {
        "64bit": {
            "url": "https://github.com/dandavison/delta/releases/download/0.15.1/delta-0.15.1-x86_64-pc-windows-msvc.zip",
            "hash": "4ba69ba67eff330b5479873704a0ec86820671c735f06998697e7d0f3e7335fa",
            "extract_dir": "delta-0.15.1-x86_64-pc-windows-msvc"
        }
    },
    "bin": "delta.exe",
    "checkver": "github",
    "autoupdate": {
        "architecture": {
            "64bit": {
                "url": "https://github.com/dandavison/delta/releases/download/$version/delta-$version-x86_64-pc-windows-msvc.zip",
                "extract_dir": "delta-$version-x86_64-pc-windows-msvc"
            }
        }
    }
}
