{
    "version": "1.29.1",
    "description": "A secure runtime for JavaScript and TypeScript",
    "homepage": "https://deno.land",
    "license": "MIT",
    "architecture": {
        "64bit": {
            "url": "https://github.com/denoland/deno/releases/download/v1.29.1/deno-x86_64-pc-windows-msvc.zip",
            "hash": "64245343ce3c3dd9dfa2fb72d547c6babc5488e8e7cad97a8c4c5bda55da594e"
        }
    },
    "bin": "deno.exe",
    "checkver": {
        "github": "https://github.com/denoland/deno"
    },
    "autoupdate": {
        "architecture": {
            "64bit": {
                "url": "https://github.com/denoland/deno/releases/download/v$version/deno-x86_64-pc-windows-msvc.zip"
            }
        }
    }
}
