{
    "version": "1.22.0",
    "description": "A static code analysis tool for the Kotlin programming language",
    "homepage": "https://github.com/detekt/detekt",
    "license": "Apache-2.0",
    "suggest": {
        "JDK": [
            "java/oraclejdk",
            "java/openjdk"
        ]
    },
    "url": "https://github.com/detekt/detekt/releases/download/v1.22.0/detekt-cli-1.22.0.zip",
    "hash": "7c3bc8e2b89493eb645e050a70186ecb34ecc14205381ad2e4110807d334413e",
    "extract_dir": "detekt-cli-1.22.0",
    "bin": [
        [
            "bin\\detekt-cli.bat",
            "detekt"
        ]
    ],
    "checkver": {
        "url": "https://api.github.com/repos/detekt/detekt/releases",
        "regex": "detekt-cli-(?<version>[\\d.]+)\\.zip"
    },
    "autoupdate": {
        "url": "https://github.com/detekt/detekt/releases/download/v$version/detekt-cli-$version.zip",
        "extract_dir": "detekt-cli-$version"
    }
}
