{
    "version": "0.40.0",
    "description": "A structural diff that understands syntax",
    "homepage": "https://difftastic.wilfred.me.uk",
    "license": "MIT",
    "architecture": {
        "64bit": {
            "url": "https://github.com/Wilfred/difftastic/releases/download/0.40.0/difft-x86_64-pc-windows-msvc.zip",
            "hash": "c1e4ad14017c70cbbab95ab810dfcae8420f668e8f4f56793f57565e8d490138"
        }
    },
    "bin": "difft.exe",
    "checkver": {
        "github": "https://github.com/Wilfred/difftastic"
    },
    "autoupdate": {
        "architecture": {
            "64bit": {
                "url": "https://github.com/Wilfred/difftastic/releases/download/$version/difft-x86_64-pc-windows-msvc.zip"
            }
        }
    }
}
