{
    "version": "0.10.4",
    "description": "A simple, open source, multi-cloud workflow engine that helps you to build, run, schedule, and monitor complex pipelines of tasks",
    "homepage": "https://www.digdag.io",
    "license": "Apache-2.0",
    "suggest": {
        "java": "java/oraclejre8"
    },
    "url": "https://github.com/treasure-data/digdag/releases/download/v0.10.4/digdag-0.10.4.jar#/digdag.jar",
    "hash": "2020fa9395e74e14fdf4ada93bff0684dcea64f564788afd6a3ecc54e3bbd4bf",
    "bin": "digdag.jar",
    "checkver": {
        "github": "https://github.com/treasure-data/digdag"
    },
    "autoupdate": {
        "url": "https://github.com/treasure-data/digdag/releases/download/v$version/digdag-$version.jar#/digdag.jar"
    }
}
