{
    "version": "2.32.2",
    "description": "load or unload environment variables depending on the current directory",
    "homepage": "https://direnv.net",
    "license": "MIT",
    "architecture": {
        "64bit": {
            "url": "https://github.com/direnv/direnv/releases/download/v2.32.2/direnv.windows-amd64.exe#/direnv.exe",
            "hash": "63f56b002af5f99f6d0337a7c1c54f03c4fec5577a11ef39f28abd811b5a79d1"
        },
        "32bit": {
            "url": "https://github.com/direnv/direnv/releases/download/v2.32.2/direnv.windows-386.exe#/direnv.exe",
            "hash": "a987cab037f33d34909d87e607a82504e5f58046810e016b5647edd2bceb4707"
        }
    },
    "bin": "direnv.exe",
    "checkver": {
        "github": "https://github.com/direnv/direnv"
    },
    "autoupdate": {
        "architecture": {
            "64bit": {
                "url": "https://github.com/direnv/direnv/releases/download/v$version/direnv.windows-amd64.exe#/direnv.exe"
            },
            "32bit": {
                "url": "https://github.com/direnv/direnv/releases/download/v$version/direnv.windows-386.exe#/direnv.exe"
            }
        }
    }
}
