{
    "version": "4.23.1",
    "description": "A CLI application to receive notifications when a Docker image is updated on a Docker registry",
    "homepage": "https://crazymax.dev/diun/",
    "license": "MIT",
    "architecture": {
        "64bit": {
            "url": "https://github.com/crazy-max/diun/releases/download/v4.23.1/diun_4.23.1_windows_amd64.zip",
            "hash": "7c03a899ae0f816b40a04054deba4fd5ebe21bb97ffc27ac2145f0e5a7c501d5"
        },
        "32bit": {
            "url": "https://github.com/crazy-max/diun/releases/download/v4.23.1/diun_4.23.1_windows_386.zip",
            "hash": "604f3ac2cdf6adf6721d904b6ba611b79cd7315cb04a48d6a4e546344e3f637d"
        }
    },
    "bin": "diun.exe",
    "checkver": {
        "github": "https://github.com/crazy-max/diun"
    },
    "autoupdate": {
        "architecture": {
            "64bit": {
                "url": "https://github.com/crazy-max/diun/releases/download/v$version/diun_$version_windows_amd64.zip"
            },
            "32bit": {
                "url": "https://github.com/crazy-max/diun/releases/download/v$version/diun_$version_windows_386.zip"
            }
        }
    }
}
