{
    "version": "2.101.1",
    "description": "D is a general-purpose programming language with static typing, systems-level access, and C-like syntax",
    "homepage": "https://dlang.org/",
    "license": "BSL-1.0",
    "url": "http://downloads.dlang.org/releases/2.x/2.101.1/dmd.2.101.1.windows.7z",
    "hash": "fc81413dfe0e9e8630b4226b93033e94a50b60434a24dd521c5e8a08c6dd0fe2",
    "extract_dir": "dmd2",
    "architecture": {
        "64bit": {
            "bin": [
                "windows\\bin\\ddemangle.exe",
                "windows\\bin64\\dmd.exe",
                "windows\\bin64\\dub.exe",
                "windows\\bin\\dustmite.exe",
                "windows\\bin\\rdmd.exe"
            ]
        },
        "32bit": {
            "bin": [
                "windows\\bin\\ddemangle.exe",
                "windows\\bin\\dmd.exe",
                "windows\\bin\\dub.exe",
                "windows\\bin\\dustmite.exe",
                "windows\\bin\\rdmd.exe"
            ]
        }
    },
    "checkver": {
        "url": "http://downloads.dlang.org/releases/LATEST",
        "regex": "([\\d.]+)"
    },
    "autoupdate": {
        "url": "http://downloads.dlang.org/releases/$majorVersion.x/$version/dmd.$version.windows.7z"
    }
}
