{
    "version": "2.59.4",
    "description": "A documentation generation tool for API reference and Markdown files",
    "homepage": "https://dotnet.github.io/docfx/",
    "license": "MIT",
    "url": "https://github.com/dotnet/docfx/releases/download/v2.59.4/docfx.zip",
    "hash": "6de3058630cd89eeee8157d26a81d508a3ce5c0b64b0473c6360bf10a985a52b",
    "bin": "docfx.exe",
    "checkver": {
        "github": "https://github.com/dotnet/docfx"
    },
    "autoupdate": {
        "url": "https://github.com/dotnet/docfx/releases/download/v$version/docfx.zip"
    }
}
