{
    "version": "20.10.22",
    "description": "Docker CLI & Docker Engine for Windows containers. Docker is an open platform for developing, shipping, and running applications.",
    "homepage": "https://docs.docker.com/engine",
    "license": "Apache-2.0",
    "architecture": {
        "64bit": {
            "url": "https://download.docker.com/win/static/stable/x86_64/docker-20.10.22.zip",
            "hash": "a287db87ce6ca557cb6fecc0c0761b8cda7a1df9612ac2c2bf4635bcf4c8da7b"
        }
    },
    "extract_dir": "docker",
    "bin": [
        "docker.exe",
        "dockerd.exe"
    ],
    "checkver": {
        "github": "https://github.com/moby/moby"
    },
    "autoupdate": {
        "architecture": {
            "64bit": {
                "url": "https://download.docker.com/win/static/stable/x86_64/docker-$version.zip"
            }
        }
    },
    "notes": [
        "The 'dockerd' binary here only supports running Windows containers.",
        "However it is possible to connect to existing Linux containers using the 'docker' binary",
        "To register Docker as a service, run `dockerd --register-service`",
        "Similarly, to unregister, run `dockerd --unregister-service`"
    ]
}
