{
    "version": "2.14.2",
    "description": "Define and run multi-container applications with Docker",
    "homepage": "https://docs.docker.com/compose/",
    "license": "Apache-2.0",
    "architecture": {
        "64bit": {
            "url": "https://github.com/docker/compose/releases/download/v2.14.2/docker-compose-windows-x86_64.exe#/docker-compose.exe",
            "hash": "df60d91afd4cc81a3dfd742b50ad6717803e7542db9ede460fc140cea7dd2b59"
        }
    },
    "bin": "docker-compose.exe",
    "post_install": "echo 'Installing docker-compose as docker-cli plugin...'; New-Item -ItemType Directory -Force \"$Env:USERPROFILE/.docker/cli-plugins\" | Out-Null; Copy-Item \"$original_dir/docker-compose.exe\" \"$Env:USERPROFILE/.docker/cli-plugins/docker-compose.exe\"",
    "uninstaller": {
        "script": "Remove-Item -Force \"$Env:USERPROFILE/.docker/cli-plugins/docker-compose.exe\""
    },
    "checkver": {
        "github": "https://github.com/docker/compose"
    },
    "autoupdate": {
        "architecture": {
            "64bit": {
                "url": "https://github.com/docker/compose/releases/download/v$version/docker-compose-windows-x86_64.exe#/docker-compose.exe"
            }
        },
        "hash": {
            "url": "$url.sha256"
        }
    }
}
