{
    "version": "1.91.0",
    "description": "A command line tool for DigitalOcean services",
    "homepage": "https://github.com/digitalocean/doctl",
    "license": "Apache-2.0",
    "architecture": {
        "64bit": {
            "url": "https://github.com/digitalocean/doctl/releases/download/v1.91.0/doctl-1.91.0-windows-amd64.zip",
            "hash": "d2b322d2fe4a86952756165046a83e20d833ad523c0512399b3e66d62f979dbc"
        },
        "32bit": {
            "url": "https://github.com/digitalocean/doctl/releases/download/v1.91.0/doctl-1.91.0-windows-386.zip",
            "hash": "29dea31c7b0bdcaeece21064148a4ac66fd6e1cec9eec75b8a64bf50efac2325"
        }
    },
    "bin": "doctl.exe",
    "checkver": "github",
    "autoupdate": {
        "architecture": {
            "64bit": {
                "url": "https://github.com/digitalocean/doctl/releases/download/v$version/doctl-$version-windows-amd64.zip"
            },
            "32bit": {
                "url": "https://github.com/digitalocean/doctl/releases/download/v$version/doctl-$version-windows-386.zip"
            }
        },
        "hash": {
            "url": "$baseurl/doctl-$version-checksums.sha256"
        }
    }
}
