{
    "version": "1.7.20",
    "description": "Documentation Engine for Kotlin.",
    "homepage": "https://github.com/Kotlin/dokka/",
    "license": "Apache-2.0",
    "suggest": {
        "JDK": "java/openjdk"
    },
    "url": "https://repo1.maven.org/maven2/org/jetbrains/dokka/dokka-cli/1.7.20/dokka-cli-1.7.20.jar#/dokka.jar",
    "hash": "b1841317adbc9eeca3481c8c58c4e57c9e8d7addcf167f8fcb2704ada9793062",
    "bin": "dokka.jar",
    "checkver": "github",
    "autoupdate": {
        "url": "https://repo1.maven.org/maven2/org/jetbrains/dokka/dokka-cli/$version/dokka-cli-$version.jar#/dokka.jar",
        "hash": {
            "url": "https://repo1.maven.org/maven2/org/jetbrains/dokka/dokka-cli/$version/dokka-cli-$version.jar.sha256",
            "regex": "$sha256"
        }
    }
}
