{
    "homepage": "https://github.com/dolthub/dolt",
    "license": "Apache-2.0",
    "description": "Dolt is a SQL database that you can fork, clone, branch, merge, push and pull just like a git repository.",
    "version": "0.51.14",
    "architecture": {
        "64bit": {
            "url": "https://github.com/dolthub/dolt/releases/download/v0.51.14/dolt-windows-amd64.zip",
            "hash": "c29d139582b076392475e341d05ef1984bfbbdee3b879e65786471d6e58bfb88"
        }
    },
    "extract_dir": "dolt-windows-amd64",
    "bin": "bin\\dolt.exe",
    "checkver": "github",
    "autoupdate": {
        "architecture": {
            "64bit": {
                "url": "https://github.com/dolthub/dolt/releases/download/v$version/dolt-windows-amd64.zip"
            }
        }
    }
}
