{
    "version": "2022.3.1",
    "description": "JetBrains dotMemory Command Line Tools for profiling .NET memory usage from the command line.",
    "homepage": "https://www.jetbrains.com/dotmemory/download/#section=commandline",
    "license": {
        "identifier": "Freeware",
        "url": "https://www.jetbrains.com/legal/docs/toolbox/user"
    },
    "architecture": {
        "64bit": {
            "url": "https://download.jetbrains.com/resharper/dotUltimate.2022.3.1/JetBrains.dotMemory.Console.windows-x64.2022.3.1.zip",
            "hash": "a50a6fb4214f428f86b1ba8cc390abfd3a31ed1d1a631076e2ee1c2003678eed"
        },
        "32bit": {
            "url": "https://download.jetbrains.com/resharper/dotUltimate.2022.3.1/JetBrains.dotMemory.Console.windows-x86.2022.3.1.zip",
            "hash": "4529dc76f12d4de10d5f1d5dce0911baf0a77c0b9be150b43366a430f24048c7"
        }
    },
    "bin": "dotMemory.exe",
    "checkver": {
        "url": "https://data.services.jetbrains.com/products/releases?code=DMCLP&latest=true&platform=zip&type=release",
        "jsonpath": "$..version"
    },
    "autoupdate": {
        "architecture": {
            "64bit": {
                "url": "https://download.jetbrains.com/resharper/dotUltimate.$version/JetBrains.dotMemory.Console.windows-x64.$version.zip"
            },
            "32bit": {
                "url": "https://download.jetbrains.com/resharper/dotUltimate.$version/JetBrains.dotMemory.Console.windows-x86.$version.zip"
            }
        },
        "hash": {
            "url": "$url.sha256"
        }
    }
}
