{
    "version": "7.0.101",
    "description": ".NET is a free, cross-platform, open source developer platform for building many different types of applications.",
    "homepage": "https://www.microsoft.com/net/",
    "license": "MIT",
    "suggest": {
        "Visual C++ Redistributable": "extras/vcredist2022"
    },
    "architecture": {
        "64bit": {
            "url": "https://dotnetcli.blob.core.windows.net/dotnet/Sdk/7.0.101/dotnet-sdk-7.0.101-win-x64.zip",
            "hash": "sha512:f7083e2fef2f5c93c7d899cdf047f5c88626603ad0fdddf1f176820b74a32e3fcfb2402aef49406765ac8f160b5b48a714f09db2cce0ed04575f71dc6a49eaed"
        },
        "32bit": {
            "url": "https://dotnetcli.blob.core.windows.net/dotnet/Sdk/7.0.101/dotnet-sdk-7.0.101-win-x86.zip",
            "hash": "sha512:ee3bc0f39adc99baf1870d0a8f6cf9b14458b92dac0722cb05a778afc07350d414cb1092cea44d88efdea5c67a39b5f8037892ba8de099da171d0bc132f1f651"
        },
        "arm64": {
            "url": "https://dotnetcli.blob.core.windows.net/dotnet/Sdk/7.0.101/dotnet-sdk-7.0.101-win-arm64.zip",
            "hash": "sha512:a88018791d6544d5aaabd13dc9291bfc6963fd39af3b67b4cf2aaec5b9e8bbee4dd16d35ded9d296d8a929082dfd6e13d6b2ea5677461d5fd7df1cc7bbd30e78"
        }
    },
    "env_add_path": ".",
    "env_set": {
        "DOTNET_ROOT": "$dir",
        "MSBuildSDKsPath": "$dir\\sdk\\$version\\Sdks"
    },
    "checkver": {
        "url": "https://dotnetcli.blob.core.windows.net/dotnet/release-metadata/releases-index.json",
        "regex": "(?s)(?<rtv>[\\d.]+)[^\\d]*?([\\d.]+)[^\\d]*?(?:sts|lts)"
    },
    "autoupdate": {
        "architecture": {
            "64bit": {
                "url": "https://dotnetcli.blob.core.windows.net/dotnet/Sdk/$version/dotnet-sdk-$version-win-x64.zip"
            },
            "32bit": {
                "url": "https://dotnetcli.blob.core.windows.net/dotnet/Sdk/$version/dotnet-sdk-$version-win-x86.zip"
            },
            "arm64": {
                "url": "https://dotnetcli.blob.core.windows.net/dotnet/Sdk/$version/dotnet-sdk-$version-win-arm64.zip"
            }
        },
        "hash": {
            "url": "https://dotnetcli.blob.core.windows.net/dotnet/checksums/$matchRtv-sha.txt"
        }
    }
}
