{
    "version": "2022.3.1",
    "description": "JetBrains dotTrace Command Line Tools that enable analyzing performance of .NET applications outside of Visual Studio.",
    "homepage": "https://www.jetbrains.com/profiler/download/#section=commandline",
    "license": {
        "identifier": "Freeware",
        "url": "https://www.jetbrains.com/legal/docs/toolbox/user"
    },
    "architecture": {
        "64bit": {
            "url": "https://download.jetbrains.com/resharper/dotUltimate.2022.3.1/JetBrains.dotTrace.CommandLineTools.windows-x64.2022.3.1.zip",
            "hash": "499e4a26b449656cbe95149d18444a31cfe3a4565b1b7b2e621e10b2067908a4"
        }
    },
    "bin": "ConsoleProfiler.exe",
    "checkver": {
        "url": "https://data.services.jetbrains.com/products/releases?code=DPCLT&latest=true&platform=zip&type=release",
        "jsonpath": "$..version"
    },
    "autoupdate": {
        "architecture": {
            "64bit": {
                "url": "https://download.jetbrains.com/resharper/dotUltimate.$version/JetBrains.dotTrace.CommandLineTools.windows-x64.$version.zip"
            }
        },
        "hash": {
            "url": "$url.sha256"
        }
    }
}
