{
    "homepage": "https://dprint.dev",
    "description": "Pluggable and configurable code formatting platform written in Rust.",
    "version": "0.34.1",
    "license": "MIT",
    "architecture": {
        "64bit": {
            "url": "https://github.com/dprint/dprint/releases/download/0.34.1/dprint-x86_64-pc-windows-msvc.zip",
            "hash": "a3a06a8d1a6a2801db11c605b603401c0e5ba8dbc0e65a55c666bdd89fbecddc"
        }
    },
    "bin": "dprint.exe",
    "checkver": {
        "github": "https://github.com/dprint/dprint"
    },
    "autoupdate": {
        "architecture": {
            "64bit": {
                "url": "https://github.com/dprint/dprint/releases/download/$version/dprint-x86_64-pc-windows-msvc.zip"
            }
        },
        "hash": {
            "url": "$baseurl/SHASUMS256.txt"
        }
    }
}
