{
    "version": "0.16.0",
    "description": "Create cloud-native applications on Kubernetes.",
    "homepage": "https://github.com/Azure/draft",
    "license": "MIT",
    "architecture": {
        "64bit": {
            "url": "https://azuredraft.blob.core.windows.net/draft/draft-v0.16.0-windows-amd64.tar.gz",
            "hash": "3f2dd8d8216847be2978ac0091d65438652d131ee22e63b415ad86d7dd0354b2",
            "extract_dir": "windows-amd64"
        }
    },
    "bin": "draft.exe",
    "checkver": "github",
    "autoupdate": {
        "architecture": {
            "64bit": {
                "url": "https://azuredraft.blob.core.windows.net/draft/draft-v$version-windows-amd64.tar.gz"
            }
        },
        "hash": {
            "url": "$url.sha256"
        }
    }
}
