{
    "version": "0.6.1",
    "description": "A high-performance embeddable SQL OLAP database management system",
    "homepage": "https://duckdb.org",
    "license": "MIT",
    "architecture": {
        "64bit": {
            "url": "https://github.com/duckdb/duckdb/releases/download/v0.6.1/duckdb_cli-windows-amd64.zip",
            "hash": "943fb58b2806844a030fb1438cd655afa6316b6856f3cc2322921a97b6189e6d"
        },
        "32bit": {
            "url": "https://github.com/duckdb/duckdb/releases/download/v0.6.1/duckdb_cli-windows-i386.zip",
            "hash": "8e0af6c24c1628d06c240aab624753a70bf9741ffdbf79c769e968ec113b367c"
        }
    },
    "bin": "duckdb.exe",
    "checkver": {
        "github": "https://github.com/duckdb/duckdb"
    },
    "autoupdate": {
        "architecture": {
            "64bit": {
                "url": "https://github.com/duckdb/duckdb/releases/download/v$version/duckdb_cli-windows-amd64.zip"
            },
            "32bit": {
                "url": "https://github.com/duckdb/duckdb/releases/download/v$version/duckdb_cli-windows-i386.zip"
            }
        }
    }
}
