{
    "version": "0.31.0",
    "description": "A file server that supports static serving, uploading, searching, accessing control, webdav...",
    "homepage": "https://github.com/sigoden/dufs",
    "license": "MIT|Apache",
    "architecture": {
        "64bit": {
            "url": "https://github.com/sigoden/dufs/releases/download/v0.31.0/dufs-v0.31.0-x86_64-pc-windows-msvc.zip",
            "hash": "9613e3ce32e818e4b6beb99c1d54781c1b9a1f8e07a7461f145a34120859f5f4"
        }
    },
    "bin": "dufs.exe",
    "checkver": "github",
    "autoupdate": {
        "architecture": {
            "64bit": {
                "url": "https://github.com/sigoden/dufs/releases/download/v$version/dufs-v$version-x86_64-pc-windows-msvc.zip"
            }
        }
    }
}
