{
    "version": "2.38.1",
    "description": "Data & models versioning for ML projects, make them shareable and reproducible",
    "homepage": "https://dvc.org/",
    "license": "Apache-2.0",
    "url": "https://github.com/iterative/dvc/releases/download/2.38.1/dvc-2.38.1.exe",
    "hash": "8322b8782b83cb58afff1f072553f97c33d93720ec4fa4eb32462146f07ab6a8",
    "innosetup": true,
    "bin": "dvc.exe",
    "checkver": {
        "github": "https://github.com/iterative/dvc"
    },
    "autoupdate": {
        "url": "https://github.com/iterative/dvc/releases/download/$version/dvc-$version.exe"
    }
}
