{
    "version": "110.0.1587.0",
    "description": "Close the loop on your developer cycle by automating testing of your website in Microsoft Edge (Chromium).",
    "homepage": "https://developer.microsoft.com/en-us/microsoft-edge/tools/webdriver",
    "license": {
        "identifier": "Freeware",
        "url": "https://az813057.vo.msecnd.net/webdriver/license.html"
    },
    "notes": "For legacy (EdgeHTML) version, see 'versions/edgedriver-legacy'.",
    "architecture": {
        "64bit": {
            "url": "https://msedgedriver.azureedge.net/110.0.1587.0/edgedriver_win64.zip",
            "hash": "71f039526e94dbe9815b33d9f12e5daab62b17ab82d01805602546a98874fc1c"
        },
        "32bit": {
            "url": "https://msedgedriver.azureedge.net/110.0.1587.0/edgedriver_win32.zip",
            "hash": "f4e70de855f64f59d890ff48b1f0abf8765f7cbdbcecfbd5204942cb1d6d6a99"
        }
    },
    "bin": "msedgedriver.exe",
    "checkver": {
        "script": "Write-Output $([System.Text.Encoding]::Unicode.GetString((Invoke-WebRequest -URI https://msedgedriver.azureedge.net/LATEST_CANARY).Content))",
        "regex": "([\\d.]+)"
    },
    "autoupdate": {
        "architecture": {
            "64bit": {
                "url": "https://msedgedriver.azureedge.net/$version/edgedriver_win64.zip"
            },
            "32bit": {
                "url": "https://msedgedriver.azureedge.net/$version/edgedriver_win32.zip"
            }
        }
    }
}
