{
    "version": "2.2.6+af56767",
    "description": "A graph-relational database",
    "homepage": "https://www.edgedb.com/",
    "license": "Apache-2.0|MIT",
    "architecture": {
        "64bit": {
            "url": "https://packages.edgedb.com/archive/x86_64-pc-windows-msvc/edgedb-cli-2.2.6+af56767.exe#/edgedb.exe",
            "hash": "5ca3cd5de97013a607207b608faae0848d00c95872e01feb26ee5148694815dd"
        }
    },
    "bin": "edgedb.exe",
    "checkver": {
        "url": "https://packages.edgedb.com/archive/.jsonindexes/x86_64-pc-windows-msvc.json",
        "jsonpath": "$..packages[-1:].version"
    },
    "autoupdate": {
        "architecture": {
            "64bit": {
                "url": "https://packages.edgedb.com/archive/x86_64-pc-windows-msvc/edgedb-cli-$version.exe#/edgedb.exe",
                "hash": {
                    "url": "https://packages.edgedb.com/archive/.jsonindexes/x86_64-pc-windows-msvc.json",
                    "jsonpath": "$..packages[-1:].installrefs[?(@.encoding=='identity')].verification.sha256"
                }
            }
        }
    }
}
