{
    "version": "0.124.0",
    "description": "A simple CLI tool for creating clusters on EKS - Amazon’s new managed Kubernetes service for EC2.",
    "homepage": "https://eksctl.io",
    "license": "Apache-2.0",
    "architecture": {
        "64bit": {
            "url": "https://github.com/weaveworks/eksctl/releases/download/v0.124.0/eksctl_Windows_amd64.zip",
            "hash": "170543bd3e4ba390ed3c352ce5d6219007cab731894e494cefaac12da42271be"
        }
    },
    "bin": "eksctl.exe",
    "checkver": {
        "github": "https://github.com/weaveworks/eksctl"
    },
    "autoupdate": {
        "architecture": {
            "64bit": {
                "url": "https://github.com/weaveworks/eksctl/releases/download/v$version/eksctl_Windows_amd64.zip"
            }
        },
        "hash": {
            "url": "$baseurl/eksctl_checksums.txt"
        }
    }
}
