{
    "version": "1.14.2",
    "description": "A dynamic and functional programming language designed for building scalable and maintainable applications.",
    "homepage": "https://elixir-lang.org/",
    "license": "Apache-2.0",
    "suggest": {
        "Erlang compiler": "erlang"
    },
    "url": "https://repo.hex.pm/builds/elixir/v1.14.2.zip",
    "hash": "bc5d245cbd8206f76179f91f7d423cd62bcbad37d577e1c15e578a322ff217b5",
    "env_add_path": "bin",
    "checkver": {
        "github": "https://github.com/elixir-lang/elixir"
    },
    "autoupdate": {
        "url": "https://repo.hex.pm/builds/elixir/v$version.zip",
        "hash": {
            "url": "https://repo.hex.pm/builds/elixir/builds.txt",
            "regex": "$version [a-zA-Z0-9]+ \\d{4}-\\d{2}-\\d{2}T\\d{2}:\\d{2}:\\d{2}Z $sha256"
        }
    }
}
