{
    "version": "2.3.3",
    "description": "Project and instances manager for Enonic XP.",
    "homepage": "https://developer.enonic.com/docs/enonic-cli/master",
    "license": "GPL-3.0-or-later",
    "architecture": {
        "64bit": {
            "url": "https://repo.enonic.com/public/com/enonic/cli/enonic/2.3.3/enonic_2.3.3_Windows_64-bit.zip",
            "hash": "7a234226a45861fbd5d339c0466a5946141c417f11e00f31354159241eb5f8dc"
        }
    },
    "bin": "enonic.exe",
    "checkver": {
        "url": "https://repo.enonic.com/service/rest/repository/browse/public/com/enonic/cli/enonic/",
        "regex": "<a[^>]+>([\\d.]+)</a>",
        "reverse": true
    },
    "autoupdate": {
        "architecture": {
            "64bit": {
                "url": "https://repo.enonic.com/public/com/enonic/cli/enonic/$version/enonic_$version_Windows_64-bit.zip"
            }
        }
    }
}
