{
    "version": "22.10.0",
    "description": "The stream database optimized for event sourcing",
    "homepage": "https://eventstore.org/",
    "license": "BSD-3-Clause",
    "architecture": {
        "64bit": {
            "url": "https://raw.githubusercontent.com/EventStore/Downloads/master/win/EventStore-OSS-Windows-2019-v22.10.0.zip",
            "hash": "2996da045705848da3f9543b2aa1c00fba37caf5ec16852db8ccf0d268a76f61"
        }
    },
    "extract_dir": "EventStore-OSS-Windows-2019-v22.10.0",
    "bin": [
        [
            "EventStore.ClusterNode.exe",
            "eventstore"
        ],
        "EventStore.ClusterNode.exe",
        "EventStore.TestClient.exe"
    ],
    "checkver": {
        "url": "https://eventstore.org/downloads",
        "regex": "EventStore-OSS-Windows-2019-v([\\d.]+)\\.zip"
    },
    "autoupdate": {
        "architecture": {
            "64bit": {
                "url": "https://raw.githubusercontent.com/EventStore/Downloads/master/win/EventStore-OSS-Windows-2019-v$version.zip"
            }
        },
        "extract_dir": "EventStore-OSS-Windows-2019-v$version"
    }
}
