{
    "version": "0.15.4",
    "description": "A framework for building serverless functions with Docker and Kubernetes which has first class support for metrics. (CLI)",
    "homepage": "https://www.openfaas.com/",
    "license": "MIT",
    "architecture": {
        "64bit": {
            "url": "https://github.com/openfaas/faas-cli/releases/download/0.15.4/faas-cli.exe",
            "hash": "a1b7a4bdb4034c5ecba3f05a0d851b0bf36b411513ec747d479afd53de56e64a"
        }
    },
    "bin": [
        "faas-cli.exe",
        [
            "faas-cli.exe",
            "faas"
        ]
    ],
    "post_install": "faas-cli version",
    "checkver": {
        "github": "https://github.com/openfaas/faas-cli"
    },
    "autoupdate": {
        "architecture": {
            "64bit": {
                "url": "https://github.com/openfaas/faas-cli/releases/download/$version/faas-cli.exe"
            }
        },
        "hash": {
            "url": "$url.sha256"
        }
    }
}
