{
    "version": "8.6.0",
    "description": "A simple, fast and user-friendly alternative to 'find'.",
    "homepage": "https://github.com/sharkdp/fd",
    "license": "MIT",
    "architecture": {
        "64bit": {
            "url": "https://github.com/sharkdp/fd/releases/download/v8.6.0/fd-v8.6.0-x86_64-pc-windows-msvc.zip",
            "hash": "9cff97eb1c024ed94cc76a4b2d924ab3df04b37e7430c282b8188a13f1653ebe",
            "extract_dir": "fd-v8.6.0-x86_64-pc-windows-msvc"
        },
        "32bit": {
            "url": "https://github.com/sharkdp/fd/releases/download/v8.6.0/fd-v8.6.0-i686-pc-windows-msvc.zip",
            "hash": "2783168c0af2c78ee293b447a073b06898711dd70e81405296b884c59943c6d1",
            "extract_dir": "fd-v8.6.0-i686-pc-windows-msvc"
        }
    },
    "bin": "fd.exe",
    "checkver": "github",
    "autoupdate": {
        "architecture": {
            "64bit": {
                "url": "https://github.com/sharkdp/fd/releases/download/v$version/fd-v$version-x86_64-pc-windows-msvc.zip",
                "extract_dir": "fd-v$version-x86_64-pc-windows-msvc"
            },
            "32bit": {
                "url": "https://github.com/sharkdp/fd/releases/download/v$version/fd-v$version-i686-pc-windows-msvc.zip",
                "extract_dir": "fd-v$version-i686-pc-windows-msvc"
            }
        }
    }
}
