{
    "version": "11.19.0",
    "description": "Test, manage, and deploy Firebase project from the command line",
    "homepage": "https://github.com/firebase/firebase-tools",
    "license": "MIT",
    "architecture": {
        "64bit": {
            "url": "https://github.com/firebase/firebase-tools/releases/download/v11.19.0/firebase-tools-win.exe#/firebase.exe",
            "hash": "5144790ba0ff0763f9dfb6d02e913a04080f9d44007fc0b9960a4359947b78c4"
        }
    },
    "bin": "firebase.exe",
    "checkver": "github",
    "autoupdate": {
        "architecture": {
            "64bit": {
                "url": "https://github.com/firebase/firebase-tools/releases/download/v$version/firebase-tools-win.exe#/firebase.exe"
            }
        }
    }
}
