{
    "version": "0.38.2",
    "description": "Open and extensible continuous delivery solution for Kubernetes.",
    "homepage": "https://fluxcd.io",
    "license": "Apache-2.0",
    "architecture": {
        "64bit": {
            "url": "https://github.com/fluxcd/flux2/releases/download/v0.38.2/flux_0.38.2_windows_amd64.zip",
            "hash": "341c28fcb5132acc22c8d5f63bcc3790459fd3b65ebb6baaef201f7603192076"
        },
        "32bit": {
            "url": "https://github.com/fluxcd/flux2/releases/download/v0.38.2/flux_0.38.2_windows_386.zip",
            "hash": "3c8c28fac2ffe11a0455333267d7b37a90ba492cc798a386c7138d6fed5710bc"
        }
    },
    "bin": "flux.exe",
    "checkver": {
        "github": "https://github.com/fluxcd/flux2"
    },
    "autoupdate": {
        "architecture": {
            "64bit": {
                "url": "https://github.com/fluxcd/flux2/releases/download/v$version/flux_$version_windows_amd64.zip"
            },
            "32bit": {
                "url": "https://github.com/fluxcd/flux2/releases/download/v$version/flux_$version_windows_386.zip"
            }
        },
        "hash": {
            "url": "$baseurl/flux_$version_checksums.txt"
        }
    },
    "notes": "For Flux v1, please install 'versions/fluxctl' instead."
}
