{
    "version": "1.33.1",
    "description": "Cross-platform Node.js version switcher",
    "homepage": "https://github.com/Schniz/fnm",
    "license": "GPL-3.0-only",
    "notes": "Don't forget to add \"fnm env --use-on-cd | Out-String | Invoke-Expression\" to your powershell profile.",
    "architecture": {
        "64bit": {
            "url": "https://github.com/Schniz/fnm/releases/download/v1.33.1/fnm-windows.zip",
            "hash": "d3daffc37975210117e8c82cf491ca52b446a7969a56f54c1cb444588d1caab6"
        }
    },
    "bin": "fnm.exe",
    "checkver": "github",
    "autoupdate": {
        "architecture": {
            "64bit": {
                "url": "https://github.com/Schniz/fnm/releases/download/v$version/fnm-windows.zip"
            }
        }
    }
}
