{
    "version": "0.6.23",
    "description": "A container-native serverless platform that can be run anywhere (any cloud or on-premise).",
    "homepage": "https://fnproject.io/",
    "license": "Apache-2.0",
    "architecture": {
        "64bit": {
            "url": "https://github.com/fnproject/cli/releases/download/0.6.23/fn.exe",
            "hash": "11f3af8d857a77a22626a11a450385abb6545eb911a3cfa86ec3f80c6b8cc42a"
        }
    },
    "bin": "fn.exe",
    "checkver": {
        "github": "https://github.com/fnproject/cli"
    },
    "autoupdate": {
        "architecture": {
            "64bit": {
                "url": "https://github.com/fnproject/cli/releases/download/$version/fn.exe"
            }
        }
    }
}
