{
    "version": "2.20",
    "description": "A simple, high-reliability, distributed software configuration management system.",
    "homepage": "https://www.fossil-scm.org/",
    "license": "BSD-2-Clause",
    "architecture": {
        "64bit": {
            "url": "https://www.fossil-scm.org/index.html/uv/fossil-w64-2.20.zip",
            "hash": "ceb4ae98d0a881796591aed0d0d6f0fd6d471c87f58e4b45b437462d0bc7f1a6"
        },
        "32bit": {
            "url": "https://www.fossil-scm.org/index.html/uv/fossil-w32-2.20.zip",
            "hash": "521a77d107bced5dad5cdf85c32c013ce66bd69fcadc0a8aea70999003f239e9"
        }
    },
    "bin": "fossil.exe",
    "checkver": {
        "url": "https://www.fossil-scm.org/index.html/uv/download.js",
        "regex": "p=version-([0-9.]+)"
    },
    "autoupdate": {
        "architecture": {
            "64bit": {
                "url": "https://www.fossil-scm.org/index.html/uv/fossil-w64-$version.zip"
            },
            "32bit": {
                "url": "https://www.fossil-scm.org/index.html/uv/fossil-w32-$version.zip"
            }
        }
    }
}
