{
    "version": "3.6.9",
    "description": "Dependency analysis tool. Supports license & vulnerability scanning. Language-agnostic; integrates with 20+ build systems.",
    "homepage": "https://github.com/fossas/fossa-cli",
    "license": "MPL-2.0",
    "architecture": {
        "64bit": {
            "url": "https://github.com/fossas/fossa-cli/releases/download/v3.6.9/fossa_3.6.9_windows_amd64.zip",
            "hash": "201062c2a33553985f6fdb3f76947ef4c6fd36eeabdcdb80ef3b3ccaf2db1c29"
        }
    },
    "bin": "fossa.exe",
    "checkver": "github",
    "autoupdate": {
        "architecture": {
            "64bit": {
                "url": "https://github.com/fossas/fossa-cli/releases/download/v$version/fossa_$version_windows_amd64.zip",
                "hash": {
                    "url": "$url.sha256"
                }
            }
        }
    }
}
