{
    "version": "0.2.0",
    "description": "Tool, language and decoders for working with binary data.",
    "homepage": "https://github.com/wader/fq",
    "license": "MIT",
    "architecture": {
        "64bit": {
            "url": "https://github.com/wader/fq/releases/download/v0.2.0/fq_0.2.0_windows_amd64.zip",
            "hash": "075e960efb50320cf6d72846a70dc479f0e0340663d4722fcf16d97c34d43619"
        },
        "arm64": {
            "url": "https://github.com/wader/fq/releases/download/v0.2.0/fq_0.2.0_windows_arm64.zip",
            "hash": "b99d810ae67cbaa50f414470cb01dc9ecdbab4fe77f3cd3dda915466bafb005f"
        }
    },
    "bin": "fq.exe",
    "checkver": "github",
    "autoupdate": {
        "architecture": {
            "64bit": {
                "url": "https://github.com/wader/fq/releases/download/v$version/fq_$version_windows_amd64.zip"
            },
            "arm64": {
                "url": "https://github.com/wader/fq/releases/download/v$version/fq_$version_windows_arm64.zip"
            }
        }
    }
}
