{
    "version": "0.46.0",
    "description": "A fast reverse proxy to help you expose a local server behind a NAT or firewall to the internet.",
    "homepage": "https://github.com/fatedier/frp",
    "license": "Apache-2.0",
    "architecture": {
        "64bit": {
            "url": "https://github.com/fatedier/frp/releases/download/v0.46.0/frp_0.46.0_windows_amd64.zip",
            "hash": "b9c79acc881c58b0185465a5ded032d6210637f860712f04ecb800b66453d125",
            "extract_dir": "frp_0.46.0_windows_amd64"
        },
        "32bit": {
            "url": "https://github.com/fatedier/frp/releases/download/v0.46.0/frp_0.46.0_windows_386.zip",
            "hash": "6681551b9bb7311625be8f3a269c183b600e13966787a8b11a8f9e8595a3d66b",
            "extract_dir": "frp_0.46.0_windows_386"
        }
    },
    "bin": [
        "frpc.exe",
        "frps.exe"
    ],
    "persist": [
        "frpc.ini",
        "frpc_full.ini",
        "frps.ini",
        "frps_full.ini"
    ],
    "checkver": "github",
    "autoupdate": {
        "architecture": {
            "64bit": {
                "url": "https://github.com/fatedier/frp/releases/download/v$version/frp_$version_windows_amd64.zip",
                "extract_dir": "frp_$version_windows_amd64"
            },
            "32bit": {
                "url": "https://github.com/fatedier/frp/releases/download/v$version/frp_$version_windows_386.zip",
                "extract_dir": "frp_$version_windows_386"
            }
        }
    }
}
