{
    "version": "24.0.0",
    "description": "Terminal JSON viewer",
    "homepage": "https://github.com/antonmedv/fx",
    "license": "MIT",
    "architecture": {
        "64bit": {
            "url": "https://github.com/antonmedv/fx/releases/download/24.0.0/fx_windows_amd64.exe#/fx.exe",
            "hash": "e663e5fae64f2b14ffdff837289fccb8f5b5f2156cb6012d9269ad87e38d9867"
        },
        "arm64": {
            "url": "https://github.com/antonmedv/fx/releases/download/24.0.0/fx_windows_arm64.exe#/fx.exe",
            "hash": "6ce7ca591c621161debd982cce10240699c6a3d9c76fa4287442db6158b1ceaa"
        }
    },
    "bin": "fx.exe",
    "checkver": "github",
    "autoupdate": {
        "architecture": {
            "64bit": {
                "url": "https://github.com/antonmedv/fx/releases/download/$version/fx_windows_amd64.exe#/fx.exe"
            },
            "arm64": {
                "url": "https://github.com/antonmedv/fx/releases/download/$version/fx_windows_arm64.exe#/fx.exe"
            }
        }
    }
}
