{
    "version": "0.35.1",
    "description": "A general-purpose command-line fuzzy finder",
    "homepage": "https://github.com/junegunn/fzf",
    "license": "MIT",
    "architecture": {
        "64bit": {
            "url": "https://github.com/junegunn/fzf/releases/download/0.35.1/fzf-0.35.1-windows_amd64.zip",
            "hash": "621e37dfb2338f021632ab819fe5479d56f912bf642db6bc242f59443d143d32"
        },
        "arm64": {
            "url": "https://github.com/junegunn/fzf/releases/download/0.35.1/fzf-0.35.1-windows_arm64.zip",
            "hash": "c4d6d31f7d75576b3268e9691de3c5bd322168f37293a14cc7a8817406cff178"
        }
    },
    "bin": "fzf.exe",
    "checkver": "github",
    "autoupdate": {
        "architecture": {
            "64bit": {
                "url": "https://github.com/junegunn/fzf/releases/download/$version/fzf-$version-windows_amd64.zip"
            },
            "arm64": {
                "url": "https://github.com/junegunn/fzf/releases/download/$version/fzf-$version-windows_arm64.zip"
            }
        }
    }
}
