{
    "version": "1.24.2",
    "description": "Command-line program to download image-galleries and -collections from several image hosting sites.",
    "homepage": "https://github.com/mikf/gallery-dl",
    "license": "GPL-2.0-or-later",
    "url": "https://github.com/mikf/gallery-dl/releases/download/v1.24.2/gallery-dl.exe",
    "hash": "55cb9e0a53be3f1e7b06f7ff7af95b439de82c261643659885b305fd407e014c",
    "bin": "gallery-dl.exe",
    "checkver": "github",
    "autoupdate": {
        "url": "https://github.com/mikf/gallery-dl/releases/download/v$version/gallery-dl.exe"
    }
}
