{
    "version": "5.20.0",
    "description": "A Fast Console Disk Usage Analyzer",
    "homepage": "https://github.com/dundee/gdu",
    "license": "MIT",
    "architecture": {
        "64bit": {
            "url": "https://github.com/dundee/gdu/releases/download/v5.20.0/gdu_windows_amd64.exe.zip",
            "hash": "a29a9dc6f141ab50cfa2e567387b6e396aeeabf4192f20be9152c842d184e89d"
        }
    },
    "pre_install": "Rename-Item \"$dir\\$($fname -replace '\\.zip$')\" 'gdu.exe'",
    "bin": "gdu.exe",
    "checkver": "github",
    "autoupdate": {
        "architecture": {
            "64bit": {
                "url": "https://github.com/dundee/gdu/releases/download/v$version/gdu_windows_amd64.exe.zip"
            }
        },
        "hash": {
            "url": "$baseurl/sha256sums.txt"
        }
    }
}
