{
    "version": "0.32.0",
    "description": "WebDriver for the Firefox web browser.",
    "homepage": "https://github.com/mozilla/geckodriver",
    "license": "MPL-2.0",
    "bin": "geckodriver.exe",
    "checkver": "github",
    "architecture": {
        "64bit": {
            "url": "https://github.com/mozilla/geckodriver/releases/download/v0.32.0/geckodriver-v0.32.0-win64.zip",
            "hash": "bc4f260003886a5171d1fb4bf54af608df9b5a43fc9085a774b058496f9f8b5d"
        },
        "32bit": {
            "url": "https://github.com/mozilla/geckodriver/releases/download/v0.32.0/geckodriver-v0.32.0-win32.zip",
            "hash": "ec7df877a4c8b30b96e00306ea01a203b18283735afeab56976c50cd30beb4b5"
        }
    },
    "autoupdate": {
        "architecture": {
            "64bit": {
                "url": "https://github.com/mozilla/geckodriver/releases/download/v$version/geckodriver-v$version-win64.zip"
            },
            "32bit": {
                "url": "https://github.com/mozilla/geckodriver/releases/download/v$version/geckodriver-v$version-win32.zip"
            }
        }
    }
}
