{
    "version": "1.9.1",
    "description": "Quickly clone an entire org/users repositories into one directory - Supports GitHub, GitLab, Bitbucket, and more",
    "homepage": "https://github.com/gabrie30/ghorg",
    "license": "Apache-2.0",
    "architecture": {
        "64bit": {
            "url": "https://github.com/gabrie30/ghorg/releases/download/v1.9.1/ghorg_1.9.1_Windows_x86_64.tar.gz",
            "hash": "cf738d3242a9778e6a4dfcb343dcaa83677bb2f28d9555efdafe03bf3b5e162c"
        },
        "32bit": {
            "url": "https://github.com/gabrie30/ghorg/releases/download/v1.9.1/ghorg_1.9.1_Windows_i386.tar.gz",
            "hash": "2086ca577c1a366067ef442616caa4c2c2eeffcaca500cf2a7c8e74add423929"
        }
    },
    "bin": "ghorg.exe",
    "checkver": "github",
    "autoupdate": {
        "architecture": {
            "64bit": {
                "url": "https://github.com/gabrie30/ghorg/releases/download/v$version/ghorg_$version_Windows_x86_64.tar.gz"
            },
            "32bit": {
                "url": "https://github.com/gabrie30/ghorg/releases/download/v$version/ghorg_$version_Windows_i386.tar.gz"
            }
        },
        "hash": {
            "url": "$baseurl/checksums.txt"
        }
    }
}
