{
    "version": "1.8.1",
    "description": "GIF encoder based on libimagequant (pngquant).",
    "homepage": "https://gif.ski",
    "license": "AGPL-3.0-or-later",
    "architecture": {
        "64bit": {
            "url": "https://gif.ski/gifski-1.8.1.zip",
            "hash": "d63e2c048b1656d2cb8b014b8c4f2a84fe8add57a9fc3068678625276d84a674"
        }
    },
    "extract_dir": "win",
    "bin": "gifski.exe",
    "checkver": "gifski-([\\d.]+)\\.zip",
    "autoupdate": {
        "architecture": {
            "64bit": {
                "url": "https://gif.ski/gifski-$version.zip"
            }
        }
    }
}
