{
    "version": "0.5.1",
    "homepage": "https://github.com/arxanas/git-branchless",
    "description": "A suite of tools that enhances Git in several ways.",
    "license": "GPL-2.0",
    "architecture": {
        "64bit": {
            "url": "https://github.com/arxanas/git-branchless/releases/download/v0.5.1/git-branchless-v0.5.1-x86_64-pc-windows-msvc.zip",
            "hash": "B7BCCE425374D8746364AE96B4DD6A4BD0917E28DDBD2665E1DA6E06BA10BF92"
        }
    },
    "bin": "git-branchless.exe",
    "checkver": "github",
    "autoupdate": {
        "architecture": {
            "64bit": {
                "url": "https://github.com/arxanas/git-branchless/releases/download/v$version/git-branchless-v$version-x86_64-pc-windows-msvc.zip"
            }
        }
    }
}
