{
    "version": "10.20221105",
    "description": "Manage files with git, without comitting them.",
    "homepage": "https://git-annex.branchable.com/",
    "license": "AGPL-3.0-or-later",
    "bin": "usr/bin/git-annex.exe",
    "url": "https://downloads.kitenet.net/git-annex/windows/current/git-annex-installer.exe#/dl.7z",
    "hash": "5ac1463437b370bd38af118a3f674aba9aab9934bae1713851f580c47f9a785e",
    "checkver": {
        "url": "https://downloads.kitenet.net/git-annex/windows/current/git-annex-installer.exe.info",
        "regex": "distributionVersion = \"([\\d.]+)\""
    },
    "autoupdate": {
        "url": "https://downloads.kitenet.net/git-annex/windows/current/git-annex-installer.exe#/dl.7z",
        "hash": {
            "url": "$url.info",
            "regex": "$sha256\\.exe"
        }
    }
}
