{
    "version": "1.17.4",
    "description": "A painless self-hosted Git service",
    "homepage": "https://gitea.io/",
    "license": "MIT",
    "architecture": {
        "64bit": {
            "url": "https://dl.gitea.io/gitea/1.17.4/gitea-1.17.4-windows-4.0-amd64.exe.xz",
            "hash": "b42e61559768302fc031ff8df3c7cf9df33e5c0ac9acf6a43d8797ff870e3691"
        },
        "32bit": {
            "url": "https://dl.gitea.io/gitea/1.17.4/gitea-1.17.4-windows-4.0-386.exe.xz",
            "hash": "c6aa49e9d94388668cdcc4d47f9288561a185700747c05ef1fccc692ca4ddfe7"
        }
    },
    "installer": {
        "script": [
            "Get-Item \"$dir\\gitea*.exe\" | Rename-Item -NewName 'gitea.exe'",
            "if (!(Test-Path \"$persist_dir\\custom\\conf\")) {",
            "   New-Item \"$persist_dir\\custom\\conf\" -ItemType Directory | Out-Null",
            "}",
            "if (!(Test-Path \"$persist_dir\\custom\\conf\\app.ini\")) {",
            "   @(",
            "       '[database]'",
            "       'DB_TYPE = sqlite3'",
            "       \"PATH = $persist_dir/data/gitea.db\"",
            "       '[repository]'",
            "       \"ROOT = $persist_dir/repositories\"",
            "       '[log]'",
            "       \"ROOT_PATH = $persist_dir/log\"",
            "   ) -replace '\\\\', '/' | Set-Content \"$persist_dir\\custom\\conf\\app.ini\" -Encoding ASCII",
            "}"
        ]
    },
    "bin": "gitea.exe",
    "persist": [
        "custom",
        "repositories",
        "log",
        "data"
    ],
    "checkver": {
        "url": "https://dl.gitea.io/gitea",
        "regex": "Current Release ([\\d.]+)"
    },
    "autoupdate": {
        "architecture": {
            "64bit": {
                "url": "https://dl.gitea.io/gitea/$version/gitea-$version-windows-4.0-amd64.exe.xz"
            },
            "32bit": {
                "url": "https://dl.gitea.io/gitea/$version/gitea-$version-windows-4.0-386.exe.xz"
            }
        },
        "hash": {
            "url": "$url.sha256"
        }
    }
}
