{
    "version": "8.15.2",
    "description": "SAST tool for detecting and preventing hardcoded secrets like passwords, api keys, and tokens in git repos",
    "homepage": "https://gitleaks.io",
    "license": "MIT",
    "architecture": {
        "64bit": {
            "url": "https://github.com/zricethezav/gitleaks/releases/download/v8.15.2/gitleaks_8.15.2_windows_x64.zip",
            "hash": "7355dbdcb752ca34aec97000068b0c1b6c1084721bd0723e045fd2b5ac04b27d"
        },
        "32bit": {
            "url": "https://github.com/zricethezav/gitleaks/releases/download/v8.15.2/gitleaks_8.15.2_windows_x32.zip",
            "hash": "1de703eabb3db05e49854588bdf790d21ee1b53ddbca2b1493939e62ba94f36e"
        }
    },
    "bin": "gitleaks.exe",
    "checkver": {
        "github": "https://github.com/zricethezav/gitleaks"
    },
    "autoupdate": {
        "architecture": {
            "64bit": {
                "url": "https://github.com/zricethezav/gitleaks/releases/download/v$version/gitleaks_$version_windows_x64.zip"
            },
            "32bit": {
                "url": "https://github.com/zricethezav/gitleaks/releases/download/v$version/gitleaks_$version_windows_x32.zip"
            }
        },
        "hash": {
            "url": "https://github.com/zricethezav/gitleaks/releases/download/v$version/gitleaks_$version_checksums.txt"
        }
    }
}
