{
    "version": "1.6.3",
    "description": "Git tooling of the future",
    "homepage": "https://github.com/Milo123459/glitter",
    "license": "MIT",
    "architecture": {
        "64bit": {
            "url": "https://github.com/Milo123459/glitter/releases/download/v1.6.3/glitter-x86_64-pc-windows-msvc.zip",
            "hash": "ffdace72f4f1a12b8f5a981c6267baad58252aff5109b757f730621e1c312431"
        },
        "32bit": {
            "url": "https://github.com/Milo123459/glitter/releases/download/v1.6.3/glitter-i686-pc-windows-msvc.zip",
            "hash": "c49d9f1207ac754c89e014c3e97864525e75e491b640328334a73837dfb162a1"
        }
    },
    "bin": "glitter.exe",
    "checkver": "github",
    "autoupdate": {
        "architecture": {
            "64bit": {
                "url": "https://github.com/Milo123459/glitter/releases/download/v$version/glitter-x86_64-pc-windows-msvc.zip"
            },
            "32bit": {
                "url": "https://github.com/Milo123459/glitter/releases/download/v$version/glitter-i686-pc-windows-msvc.zip"
            }
        },
        "hash": {
            "url": "$url.sha256"
        }
    }
}
