{
    "version": "2.5",
    "description": "Reverse tethering for Android (no root required)",
    "homepage": "https://github.com/Genymobile/gnirehtet",
    "license": "Apache-2.0",
    "depends": "adb",
    "architecture": {
        "64bit": {
            "url": "https://github.com/Genymobile/gnirehtet/releases/download/v2.5/gnirehtet-rust-win64-v2.5.zip",
            "hash": "9f6d7700368f45d2fa43923324660eca9f879e837e10fc45d8d975273eae4755"
        }
    },
    "extract_dir": "gnirehtet-rust-win64",
    "bin": "gnirehtet.exe",
    "checkver": "github",
    "autoupdate": {
        "architecture": {
            "64bit": {
                "url": "https://github.com/Genymobile/gnirehtet/releases/download/v$version/gnirehtet-rust-win64-v$version.zip"
            }
        },
        "hash": {
            "url": "$baseurl/SHA256SUMS.txt"
        }
    }
}
