{
    "version": "1.50.1",
    "description": "Go language linters aggregator",
    "homepage": "https://golangci-lint.run/",
    "license": "GPL-3.0-only",
    "architecture": {
        "64bit": {
            "url": "https://github.com/golangci/golangci-lint/releases/download/v1.50.1/golangci-lint-1.50.1-windows-amd64.zip",
            "hash": "8c2da214884db02fb7f3d929672c515ae3b9d10defad4dd661c4ab365a316d68",
            "extract_dir": "golangci-lint-1.50.1-windows-amd64"
        },
        "32bit": {
            "url": "https://github.com/golangci/golangci-lint/releases/download/v1.50.1/golangci-lint-1.50.1-windows-386.zip",
            "hash": "6d11fb6ed91ba3aecbf2ea8e1a95dce16cf0449d54aa77c607ac4e75cc43213a",
            "extract_dir": "golangci-lint-1.50.1-windows-386"
        }
    },
    "bin": "golangci-lint.exe",
    "checkver": {
        "github": "https://github.com/golangci/golangci-lint"
    },
    "autoupdate": {
        "architecture": {
            "64bit": {
                "url": "https://github.com/golangci/golangci-lint/releases/download/v$version/golangci-lint-$version-windows-amd64.zip",
                "extract_dir": "golangci-lint-$version-windows-amd64"
            },
            "32bit": {
                "url": "https://github.com/golangci/golangci-lint/releases/download/v$version/golangci-lint-$version-windows-386.zip",
                "extract_dir": "golangci-lint-$version-windows-386"
            }
        },
        "hash": {
            "url": "$baseurl/golangci-lint-$version-checksums.txt"
        }
    }
}
