{
    "version": "2.2.1",
    "description": "A simple server for sending and receiving messages in real-time per WebSocket, with a sleek web UI",
    "homepage": "https://gotify.net/",
    "license": "MIT",
    "architecture": {
        "64bit": {
            "url": "https://github.com/gotify/server/releases/download/v2.2.1/gotify-windows-amd64.exe.zip",
            "hash": "8cc744ce820607612f98dacf80eadd32ebf3aa52666062733c76852da64ca4a4"
        },
        "32bit": {
            "url": "https://github.com/gotify/server/releases/download/v2.2.1/gotify-windows-386.exe.zip",
            "hash": "21c68010c1370bbe4637e7227a7dd8248abc02c6afbfaea4554f80ceb2808e2f"
        }
    },
    "pre_install": "Get-ChildItem \"$dir\\gotify-windows-*\" | Rename-Item -NewName gotify.exe",
    "bin": "gotify.exe",
    "checkver": {
        "github": "https://github.com/gotify/server/"
    },
    "autoupdate": {
        "architecture": {
            "64bit": {
                "url": "https://github.com/gotify/server/releases/download/v$version/gotify-windows-amd64.exe.zip"
            },
            "32bit": {
                "url": "https://github.com/gotify/server/releases/download/v$version/gotify-windows-386.exe.zip"
            }
        }
    }
}
