{
    "version": "7.6",
    "description": "An open-source build automation tool focused on flexibility and performance. (Binaries only without documentation)",
    "homepage": "https://gradle.org",
    "license": "Apache-2.0",
    "suggest": {
        "JDK": "java/openjdk"
    },
    "url": "https://services.gradle.org/distributions/gradle-7.6-bin.zip",
    "hash": "7ba68c54029790ab444b39d7e293d3236b2632631fb5f2e012bb28b4ff669e4b",
    "extract_dir": "gradle-7.6",
    "env_set": {
        "GRADLE_USER_HOME": "$dir\\.gradle"
    },
    "persist": ".gradle",
    "bin": "bin\\gradle.bat",
    "checkver": {
        "url": "https://gradle.org/install/",
        "regex": "The current Gradle release is version ([\\d.]+)"
    },
    "autoupdate": {
        "url": "https://services.gradle.org/distributions/gradle-$version-bin.zip",
        "hash": {
            "url": "$url.sha256"
        },
        "extract_dir": "gradle-$version"
    }
}
