{
    "version": "7.0.5",
    "description": "Open source graph visualization software.",
    "homepage": "https://www.graphviz.org/",
    "license": "EPL-1.0",
    "architecture": {
        "64bit": {
            "url": "https://gitlab.com/api/v4/projects/4207231/packages/generic/graphviz-releases/7.0.5/windows_10_cmake_Release_graphviz-install-7.0.5-win64.exe#/dl.7z",
            "hash": "6644f60e6cbae5b5be5ab0a5fc059bb9d9e63496bed519b5982c8ada71a262eb"
        },
        "32bit": {
            "url": "https://gitlab.com/api/v4/projects/4207231/packages/generic/graphviz-releases/7.0.5/windows_10_cmake_Release_graphviz-install-7.0.5-win32.exe#/dl.7z",
            "hash": "a7fbff6256e0f95fff8e7863202ee133ad83adf5d24671c25dc5f01fb7020709"
        }
    },
    "bin": [
        "bin\\acyclic.exe",
        "bin\\bcomps.exe",
        "bin\\ccomps.exe",
        "bin\\dijkstra.exe",
        "bin\\dot.exe",
        "bin\\gc.exe",
        "bin\\gml2gv.exe",
        "bin\\graphml2gv.exe",
        "bin\\gvcolor.exe",
        "bin\\gvgen.exe",
        "bin\\gvpack.exe",
        "bin\\gxl2gv.exe",
        "bin\\mm2gv.exe",
        "bin\\nop.exe",
        "bin\\sccmap.exe",
        "bin\\tred.exe",
        "bin\\unflatten.exe"
    ],
    "checkver": {
        "url": "https://gitlab.com/graphviz/graphviz/-/tags?format=atom",
        "regex": "/tags/([\\d.]+)<"
    },
    "autoupdate": {
        "architecture": {
            "64bit": {
                "url": "https://gitlab.com/api/v4/projects/4207231/packages/generic/graphviz-releases/$version/windows_10_cmake_Release_graphviz-install-$version-win64.exe#/dl.7z"
            },
            "32bit": {
                "url": "https://gitlab.com/api/v4/projects/4207231/packages/generic/graphviz-releases/$version/windows_10_cmake_Release_graphviz-install-$version-win32.exe#/dl.7z"
            }
        },
        "hash": {
            "url": "$url.sha256",
            "regex": "$sha256\\s*"
        }
    }
}
