{
    "version": "1.4.1",
    "description": "A regular expression generator",
    "homepage": "https://github.com/pemistahl/grex",
    "license": "Apache-2.0",
    "architecture": {
        "64bit": {
            "url": "https://github.com/pemistahl/grex/releases/download/v1.4.1/grex-v1.4.1-x86_64-pc-windows-msvc.zip",
            "hash": "99c28787c5ccaa68a7e761748487ef0b436641d99e4c9bef53a693f783f77616"
        }
    },
    "bin": "grex.exe",
    "checkver": "github",
    "autoupdate": {
        "architecture": {
            "64bit": {
                "url": "https://github.com/pemistahl/grex/releases/download/v$version/grex-v$version-x86_64-pc-windows-msvc.zip"
            }
        }
    }
}
