{
    "version": "2.9.5",
    "description": "A universal typing tutor allowing one to practise regularly.",
    "homepage": "https://www.gnu.org/software/gtypist",
    "license": "GPL-3.0-or-later",
    "url": "http://ftp.gnu.org/gnu/gtypist/w32_binaries/gtypist-2.9.5-w32.7z",
    "hash": "8f3a021833acc81ba9291062c91c956f88ebb4d9225b9a955cb8b60cd6cdb0d3",
    "extract_dir": "gtypist-2.9.5-w32",
    "bin": [
        [
            "gtypist.exe",
            "gtypist",
            "$dir\\lessons\\gtypist.typ"
        ]
    ]
}
