{
    "version": "2.12.0",
    "description": "Dockerfile linter",
    "homepage": "https://github.com/hadolint/hadolint",
    "license": "GPL-3.0-or-later",
    "architecture": {
        "64bit": {
            "url": "https://github.com/hadolint/hadolint/releases/download/v2.12.0/hadolint-Windows-x86_64.exe#/hadolint.exe",
            "hash": "ed89a156290e15452276b2b4c84efa688a5183d3b578bfaec7cfdf986f0632a8"
        }
    },
    "bin": "hadolint.exe",
    "checkver": "github",
    "autoupdate": {
        "architecture": {
            "64bit": {
                "url": "https://github.com/hadolint/hadolint/releases/download/v$version/hadolint-Windows-x86_64.exe#/hadolint.exe"
            }
        }
    }
}
