{
    "version": "6.0.0",
    "description": "Text shaping engine. Supports OpenType and Apple Advanced Typography.",
    "homepage": "http://harfbuzz.github.io/",
    "license": "MIT",
    "architecture": {
        "64bit": {
            "url": "https://github.com/harfbuzz/harfbuzz/releases/download/6.0.0/harfbuzz-win64-6.0.0.zip",
            "hash": "e39cdb21a1894882cd6d4786400d3302e30df558f2c4f39e7295dc4027755100",
            "extract_dir": "harfbuzz-win64"
        },
        "32bit": {
            "url": "https://github.com/harfbuzz/harfbuzz/releases/download/6.0.0/harfbuzz-win32-6.0.0.zip",
            "hash": "52554e9e31ccd419c1c58f4f66a27cf3dfd9b8e4ef3dc8d23f0d101403e742f7",
            "extract_dir": "harfbuzz-win32"
        }
    },
    "bin": [
        "hb-shape.exe",
        "hb-subset.exe",
        "hb-view.exe",
        "hb-ot-shape-closure.exe"
    ],
    "checkver": {
        "github": "https://github.com/harfbuzz/harfbuzz"
    },
    "autoupdate": {
        "architecture": {
            "64bit": {
                "url": "https://github.com/harfbuzz/harfbuzz/releases/download/$version/harfbuzz-win64-$version.zip"
            },
            "32bit": {
                "url": "https://github.com/harfbuzz/harfbuzz/releases/download/$version/harfbuzz-win32-$version.zip"
            }
        }
    }
}
