{
    "version": "6.2.6",
    "description": "Advanced password recovery tool",
    "homepage": "https://hashcat.net/hashcat/",
    "license": "MIT",
    "architecture": {
        "64bit": {
            "url": "https://hashcat.net/files/hashcat-6.2.6.7z",
            "hash": "96697e9ef6a795d45863c91d61be85a9f138596e3151e7c2cd63ccf48aaa8783"
        }
    },
    "extract_dir": "hashcat-6.2.6",
    "pre_install": "Set-Content -Value \"@echo off`r`npushd $dir`r`nhashcat.exe %*`r`npopd\" -Path \"$dir\\hashcat.cmd\"",
    "bin": "hashcat.cmd",
    "checkver": {
        "github": "https://github.com/hashcat/hashcat"
    },
    "autoupdate": {
        "architecture": {
            "64bit": {
                "url": "https://hashcat.net/files/hashcat-$version.7z"
            }
        },
        "extract_dir": "hashcat-$version"
    }
}
