{
    "version": "1.31.1",
    "description": "Command-line interface for Hetzner Cloud",
    "homepage": "https://github.com/hetznercloud/cli",
    "license": "MIT",
    "architecture": {
        "64bit": {
            "url": "https://github.com/hetznercloud/cli/releases/download/v1.31.1/hcloud-windows-amd64.zip",
            "hash": "6a23768776c3e893c0ebdccc9797c0e54c0a06ce48b37075390aa755e5407314"
        },
        "32bit": {
            "url": "https://github.com/hetznercloud/cli/releases/download/v1.31.1/hcloud-windows-386.zip",
            "hash": "8984c8f95d2266d0358b2c3df5b39e687e7173e5406918f7dd750efbb48b4898"
        }
    },
    "bin": "hcloud.exe",
    "checkver": "github",
    "autoupdate": {
        "architecture": {
            "64bit": {
                "url": "https://github.com/hetznercloud/cli/releases/download/v$version/hcloud-windows-amd64.zip"
            },
            "32bit": {
                "url": "https://github.com/hetznercloud/cli/releases/download/v$version/hcloud-windows-386.zip"
            }
        },
        "hash": {
            "url": "$baseurl/checksums.txt"
        }
    }
}
