{
    "version": "3.10.3",
    "description": "The package manager for Kubernetes",
    "homepage": "https://helm.sh",
    "license": "Apache-2.0",
    "architecture": {
        "64bit": {
            "url": "https://get.helm.sh/helm-v3.10.3-windows-amd64.zip",
            "hash": "5d97aa26830c1cd6c520815255882f148040587fd7cdddb61ef66e4c081566e0",
            "extract_dir": "windows-amd64"
        }
    },
    "bin": "helm.exe",
    "checkver": {
        "url": "https://github.com/kubernetes/helm/releases",
        "regex": "/tag/v(3\\.[\\d.]+)\""
    },
    "autoupdate": {
        "architecture": {
            "64bit": {
                "url": "https://get.helm.sh/helm-v$version-windows-amd64.zip"
            }
        },
        "hash": {
            "url": "$url.sha256"
        }
    }
}
