{
    "version": "1.11.0",
    "description": "Generates Helm charts documentation as markdown files.",
    "homepage": "https://github.com/norwoodj/helm-docs",
    "license": "GPL-3.0-only",
    "architecture": {
        "64bit": {
            "url": "https://github.com/norwoodj/helm-docs/releases/download/v1.11.0/helm-docs_1.11.0_Windows_x86_64.tar.gz",
            "hash": "6fa2554e8c0f67bc24230a5edd56eefbe9ba3ded56c37d48cb60c6c993ff028c"
        }
    },
    "bin": "helm-docs.exe",
    "checkver": "github",
    "autoupdate": {
        "architecture": {
            "64bit": {
                "url": "https://github.com/norwoodj/helm-docs/releases/download/v$version/helm-docs_$version_Windows_x86_64.tar.gz"
            }
        },
        "hash": {
            "url": "$baseurl/checksums.txt"
        }
    }
}
