{
    "version": "0.149.0",
    "description": "Command line interface to deploy Kubernetes Helm Charts.",
    "homepage": "https://github.com/helmfile/helmfile",
    "license": "MIT",
    "architecture": {
        "64bit": {
            "url": "https://github.com/helmfile/helmfile/releases/download/v0.149.0/helmfile_0.149.0_windows_amd64.tar.gz",
            "hash": "10ff21f56402e523c20230c5990ca2c6f61ec81efcbb5c13bb93c4a88b5ce117"
        },
        "32bit": {
            "url": "https://github.com/helmfile/helmfile/releases/download/v0.149.0/helmfile_0.149.0_windows_386.tar.gz",
            "hash": "c57a221d74f1b1e9149cf192553a9709f1a0994a99d49a35110bc1d877d8c5a5"
        }
    },
    "bin": "helmfile.exe",
    "checkver": "github",
    "autoupdate": {
        "architecture": {
            "64bit": {
                "url": "https://github.com/helmfile/helmfile/releases/download/v$version/helmfile_$version_windows_amd64.tar.gz"
            },
            "32bit": {
                "url": "https://github.com/helmfile/helmfile/releases/download/v$version/helmfile_$version_windows_386.tar.gz"
            }
        },
        "hash": {
            "url": "$baseurl/helmfile_$version_checksums.txt"
        }
    }
}
