{
    "version": "4.4",
    "description": "Converts source code to formatted text with syntax highlighting.",
    "homepage": "http://www.andre-simon.de/doku/highlight/en/highlight.php",
    "license": "GPL-3.0-only",
    "notes": "You need to set the working directory of the shortcut to '$dir'",
    "architecture": {
        "64bit": {
            "url": "http://www.andre-simon.de/zip/highlight-4.4-x64.zip",
            "hash": "e179f588b0af4e8bd5114bc328ead5fc6c42d5c47a48956666b776e68d193bb8",
            "extract_dir": "highlight-4.4-x64"
        },
        "32bit": {
            "url": "http://www.andre-simon.de/zip/highlight-4.4.zip",
            "hash": "6568e72b2962e43d144543e3603da9c6d77d477e2d4363eace7a14b7837d0814",
            "extract_dir": "highlight-4.4"
        }
    },
    "bin": "highlight.exe",
    "shortcuts": [
        [
            "highlight-gui.exe",
            "Highlight"
        ]
    ],
    "checkver": {
        "url": "https://gitlab.com/saalen/highlight/-/tags",
        "regex": "v([\\d.]+)</a>"
    },
    "autoupdate": {
        "architecture": {
            "64bit": {
                "url": "http://www.andre-simon.de/zip/highlight-$version-x64.zip",
                "hash": {
                    "url": "http://www.andre-simon.de/zip/download.php",
                    "regex": "$sha256</code>\\s+\\|\\s+<a href=\"highlight-[\\d.]+-x64\\.zip"
                },
                "extract_dir": "highlight-$version-x64"
            },
            "32bit": {
                "url": "http://www.andre-simon.de/zip/highlight-$version.zip",
                "hash": {
                    "url": "http://www.andre-simon.de/zip/download.php",
                    "regex": "$sha256</code>\\s+\\|\\s+<a href=\"highlight-[\\d.]+\\.zip"
                },
                "extract_dir": "highlight-$version"
            }
        }
    }
}
