{
    "version": "0.109.0",
    "description": "Speedy and flexible static site generator (without Sass/SCSS support)",
    "homepage": "https://gohugo.io",
    "license": "Apache-2.0",
    "architecture": {
        "64bit": {
            "url": "https://github.com/gohugoio/hugo/releases/download/v0.109.0/hugo_0.109.0_windows-amd64.zip",
            "hash": "7653cbc94a8faa05ee0a77bf31d5548ecbdeda08be9c44057dcbdefe426fff40"
        },
        "arm64": {
            "url": "https://github.com/gohugoio/hugo/releases/download/v0.109.0/hugo_0.109.0_windows-arm64.zip",
            "hash": "01a58d0d2abf50045dc07b074add3d01d19cc29baa64dd69abda3875e7b537fb"
        }
    },
    "bin": "hugo.exe",
    "checkver": {
        "github": "https://github.com/gohugoio/hugo"
    },
    "autoupdate": {
        "architecture": {
            "64bit": {
                "url": "https://github.com/gohugoio/hugo/releases/download/v$version/hugo_$version_windows-amd64.zip"
            },
            "arm64": {
                "url": "https://github.com/gohugoio/hugo/releases/download/v$version/hugo_$version_windows-arm64.zip"
            }
        },
        "hash": {
            "url": "$baseurl/hugo_$version_checksums.txt"
        }
    }
}
