{
    "version": "0.109.0",
    "description": "Speedy and flexible static site generator. (with Sass/SCSS support)",
    "homepage": "https://gohugo.io",
    "license": "Apache-2.0",
    "architecture": {
        "64bit": {
            "url": "https://github.com/gohugoio/hugo/releases/download/v0.109.0/hugo_extended_0.109.0_windows-amd64.zip",
            "hash": "d2de62296f72fe06f8942bdcded6d67805bae896ae30ffb92160d1ab05d5e284"
        }
    },
    "bin": "hugo.exe",
    "checkver": {
        "github": "https://github.com/gohugoio/hugo"
    },
    "autoupdate": {
        "architecture": {
            "64bit": {
                "url": "https://github.com/gohugoio/hugo/releases/download/v$version/hugo_extended_$version_windows-amd64.zip"
            }
        },
        "hash": {
            "url": "$baseurl/hugo_$version_checksums.txt"
        }
    }
}
