{
    "version": "1.8.0",
    "description": "Command line tool that performs HTTP requests defined in a simple plain text format",
    "homepage": "https://hurl.dev",
    "license": "Apache-2.0",
    "architecture": {
        "64bit": {
            "url": "https://github.com/Orange-OpenSource/hurl/releases/download/1.8.0/hurl-1.8.0-win64.zip",
            "hash": "1bcef2531c7c67a6387726bfa90a5959a167af402e8f47a24b2404906c985e92"
        }
    },
    "bin": [
        "hurl.exe",
        "hurlfmt.exe"
    ],
    "checkver": {
        "github": "https://github.com/Orange-OpenSource/hurl"
    },
    "autoupdate": {
        "architecture": {
            "64bit": {
                "url": "https://github.com/Orange-OpenSource/hurl/releases/download/$version/hurl-$version-win64.zip"
            }
        }
    }
}
