{
    "version": "6.2.11",
    "description": "The scalable code generator that saves you time",
    "homepage": "https://www.hygen.io/",
    "license": "MIT",
    "url": "https://github.com/jondot/hygen/releases/download/v6.2.11/hygen.win.exe.v6.2.11.zip",
    "hash": "e0c397b5b7667cbabaf84ebcda5225565625b4bcff8b5e54e71d72189ad20875",
    "bin": "hygen.exe",
    "checkver": {
        "github": "https://github.com/jondot/hygen"
    },
    "autoupdate": {
        "url": "https://github.com/jondot/hygen/releases/download/v$version/hygen.win.exe.v$version.zip"
    }
}
