{
    "version": "2.13.0",
    "description": "The command line client for IBM Cloud",
    "homepage": "https://www.ibm.com/cloud/cli",
    "license": {
        "identifier": "Apache-2.0",
        "url": "https://cloud.ibm.com/media/docs/downloads/oss-licensing-info/IBMCloud-CLI-OSS-Licenses.txt"
    },
    "architecture": {
        "64bit": {
            "url": "https://download.clis.cloud.ibm.com/ibm-cloud-cli/2.13.0/binaries/IBM_Cloud_CLI_2.13.0_windows_amd64.zip",
            "hash": "410c382b1486050ec1559b0a0b334cf1be9987528a5e366fc62595b92fa6eefc"
        },
        "32bit": {
            "url": "https://download.clis.cloud.ibm.com/ibm-cloud-cli/2.13.0/binaries/IBM_Cloud_CLI_2.13.0_windows_386.zip",
            "hash": "e42c6e385a650827b4743a536638237f84d8f8da9615dd4af346e83698d9694a"
        }
    },
    "extract_dir": "IBM_Cloud_CLI",
    "bin": "ibmcloud.exe",
    "env_set": {
        "IBMCLOUD_HOME": "$dir\\config"
    },
    "persist": "config",
    "checkver": {
        "url": "https://download.clis.cloud.ibm.com/ibm-cloud-cli-metadata/info.json",
        "jsonpath": "$.latest_version"
    },
    "autoupdate": {
        "architecture": {
            "64bit": {
                "url": "https://download.clis.cloud.ibm.com/ibm-cloud-cli/$version/binaries/IBM_Cloud_CLI_$version_windows_amd64.zip"
            },
            "32bit": {
                "url": "https://download.clis.cloud.ibm.com/ibm-cloud-cli/$version/binaries/IBM_Cloud_CLI_$version_windows_386.zip"
            }
        }
    }
}
