{
    "version": "7.1.0-56",
    "description": "Create, edit, compose, and convert 200+ of bitmap images formats.",
    "homepage": "https://imagemagick.org/",
    "license": "ImageMagick",
    "architecture": {
        "64bit": {
            "url": "https://imagemagick.org/archive/binaries/ImageMagick-7.1.0-56-Q16-HDRI-x64-dll.exe",
            "hash": "747e778592c9278d8dbde1d9698f4b070768da20b8ee87cd3b7482f74bbf39c8"
        },
        "32bit": {
            "url": "https://imagemagick.org/archive/binaries/ImageMagick-7.1.0-56-Q16-HDRI-x86-dll.exe",
            "hash": "b7320eb83f5f1d99f96b0ca7d58c92f1fc28dbf6d2b8ebb1f48f010d97eddc07"
        }
    },
    "innosetup": true,
    "env_set": {
        "MAGICK_HOME": "$dir",
        "MAGICK_CONFIGURE_PATH": "$dir",
        "MAGICK_CODER_MODULE_PATH": "$dir\\modules\\coders"
    },
    "env_add_path": ".",
    "post_install": "Rename-Item $dir\\ffmpeg.exe $dir\\ffmpeg.exe.old",
    "notes": [
        "- The bundled ffmpeg has been renamed to 'ffmpeg.exe.old' to prevent conflict with a standalone ffmpeg installation - if you need it for ImageMagick tools, rename it back to 'ffmpeg.exe'.",
        "- 'convert.exe' is deprecated in v7 (it also conflicts with the builtin Windows 'convert' utility). Use 'magick convert ...' instead."
    ],
    "checkver": {
        "url": "https://imagemagick.org/archive/binaries/digest.rdf",
        "reverse": true,
        "regex": "ImageMagick-([\\d.-]+)-Q16-HDRI-x64-dll\\.exe"
    },
    "autoupdate": {
        "architecture": {
            "64bit": {
                "url": "https://imagemagick.org/archive/binaries/ImageMagick-$version-Q16-HDRI-x64-dll.exe"
            },
            "32bit": {
                "url": "https://imagemagick.org/archive/binaries/ImageMagick-$version-Q16-HDRI-x86-dll.exe"
            }
        },
        "hash": {
            "mode": "rdf",
            "url": "https://imagemagick.org/archive/binaries/digest.rdf"
        }
    }
}
