{
    "version": "7.1.0-56",
    "description": "Create, edit, compose, and convert 200+ of bitmap images formats.",
    "homepage": "https://imagemagick.org/",
    "license": "ImageMagick",
    "architecture": {
        "64bit": {
            "url": "https://imagemagick.org/archive/binaries/ImageMagick-7.1.0-56-portable-Q16-HDRI-x64.zip",
            "hash": "52470a3a114309189bf5ae240b8a8478d8de5bac0b73d43f7166494988f0a9cf"
        },
        "32bit": {
            "url": "https://imagemagick.org/archive/binaries/ImageMagick-7.1.0-56-portable-Q16-HDRI-x86.zip",
            "hash": "e5f0464abedd3d7cdb389685f36d215cbb7d761ed871b9dad0f6fcc10e0595dc"
        }
    },
    "bin": [
        "magick.exe",
        "dcraw.exe",
        "IMDisplay.exe"
    ],
    "notes": [
        "- This manifest contains the barebones ImageMagick installation.",
        "- For appropriate programming DLLs and environment variables, install 'imagemagick' instead."
    ],
    "checkver": {
        "url": "https://imagemagick.org/archive/binaries/digest.rdf",
        "reverse": true,
        "regex": "ImageMagick-([\\d.-]+)-portable-Q16-HDRI-x64\\.zip"
    },
    "autoupdate": {
        "architecture": {
            "64bit": {
                "url": "https://imagemagick.org/archive/binaries/ImageMagick-$version-portable-Q16-HDRI-x64.zip"
            },
            "32bit": {
                "url": "https://imagemagick.org/archive/binaries/ImageMagick-$version-portable-Q16-HDRI-x86.zip"
            }
        },
        "hash": {
            "mode": "rdf",
            "url": "https://imagemagick.org/archive/binaries/digest.rdf"
        }
    }
}
