{
    "version": "5.10.1",
    "description": "Build Automation in PowerShell",
    "homepage": "https://github.com/nightroman/Invoke-Build",
    "license": "Apache-2.0",
    "url": "https://nuget.org/api/v2/package/Invoke-Build/5.10.1#/dl.7z",
    "hash": "0f172a113f8114e996d21532ad79a72fded90fb940eec60272b5ff76bd30ef74",
    "extract_dir": "tools",
    "env_add_path": ".",
    "checkver": {
        "url": "https://github.com/nightroman/Invoke-Build/tags",
        "regex": "releases/tag/v([\\d.]+)"
    },
    "autoupdate": {
        "url": "https://nuget.org/api/v2/package/Invoke-Build/$version#/dl.7z"
    }
}
