{
    "version": "3.1.3",
    "description": "Tool for measuring the maximum achievable bandwidth on IP networks",
    "homepage": "https://iperf.fr/",
    "license": "BSD-3-Clause",
    "architecture": {
        "64bit": {
            "url": "https://iperf.fr/download/windows/iperf-3.1.3-win64.zip",
            "hash": "3c3db693c1bdcc902ca9198fc716339373658233b3392ffe3d467f7695762cd1",
            "extract_dir": "iperf-3.1.3-win64"
        },
        "32bit": {
            "url": "https://iperf.fr/download/windows/iperf-3.1.3-win32.zip",
            "hash": "b3f8e262c17a000a30bf4f2135dfed644587cf2ec649f878aea8e9de51ffc8f2",
            "extract_dir": "iperf-3.1.3-win32"
        }
    },
    "bin": "iperf3.exe",
    "checkver": {
        "url": "https://iperf.fr/iperf-download.php",
        "regex": "iPerf ([\\d.]+)<\\/a>"
    },
    "autoupdate": {
        "architecture": {
            "64bit": {
                "url": "https://iperf.fr/download/windows/iperf-$version-win64.zip",
                "extract_dir": "iperf-$version-win64"
            },
            "32bit": {
                "url": "https://iperf.fr/download/windows/iperf-$version-win32.zip",
                "extract_dir": "iperf-$version-win32"
            }
        },
        "hash": {
            "url": "$baseurl/sha256sum.txt"
        }
    }
}
