{
    "version": "0.11.2",
    "description": "Java Version Manager",
    "homepage": "https://github.com/shyiko/jabba",
    "license": "Apache-2.0",
    "architecture": {
        "64bit": {
            "url": "https://github.com/shyiko/jabba/releases/download/0.11.2/jabba-0.11.2-windows-amd64.exe#/jabba.exe",
            "hash": "f0eb517f41fe42499f7abef64edac3226c20b905671f852f36fdfbb6652a3c9b",
            "pre_install": [
                "ensure \"$dir\\bin\" | Out-Null",
                "Move-Item \"$dir\\jabba.exe\" \"$dir\\bin\\jabba.exe\""
            ]
        }
    },
    "bin": "bin\\jabba.exe",
    "env_set": {
        "JABBA_HOME": "$dir"
    },
    "persist": "jdk",
    "checkver": "github",
    "autoupdate": {
        "architecture": {
            "64bit": {
                "url": "https://github.com/shyiko/jabba/releases/download/$version/jabba-$version-windows-amd64.exe#/jabba.exe"
            }
        }
    }
}
