{
    "version": "1.25.1",
    "description": "Lisp-like, embeddable, functional and imperative programming language and bytecode interpreter",
    "homepage": "https://janet-lang.org",
    "license": "MIT",
    "architecture": {
        "64bit": {
            "url": "https://github.com/janet-lang/janet/releases/download/v1.25.1/janet-1.25.1-windows-x64-installer.msi",
            "hash": "cc12ae7f08fc91b91878902dbbc3588a93fad5ad2632529ec6ad54ddbf1b13e1"
        }
    },
    "extract_dir": "Janet",
    "persist": "Library",
    "env_set": {
        "JANET_PATH": "$persist_dir\\Library"
    },
    "bin": "bin\\janet.exe",
    "checkver": {
        "github": "https://github.com/janet-lang/janet"
    },
    "autoupdate": {
        "architecture": {
            "64bit": {
                "url": "https://github.com/janet-lang/janet/releases/download/v$version/janet-$version-windows-x64-installer.msi"
            }
        }
    }
}
