{
    "version": "0.0.40",
    "description": "Multiple Jenkins servers manager",
    "homepage": "https://jenkins-zh.github.io/jcli-docs/",
    "license": "MIT",
    "architecture": {
        "64bit": {
            "url": "https://github.com/jenkins-zh/jenkins-cli/releases/download/v0.0.40/jcli-windows-amd64.zip",
            "hash": "404e885cd96e388c098dda2b0dfeb710f6cbdd39e12f0c1c6de99116f90648e7"
        }
    },
    "bin": "jcli.exe",
    "checkver": {
        "github": "https://github.com/jenkins-zh/jenkins-cli"
    },
    "autoupdate": {
        "architecture": {
            "64bit": {
                "url": "https://github.com/jenkins-zh/jenkins-cli/releases/download/v$version/jcli-windows-amd64.zip"
            }
        },
        "hash": {
            "url": "$baseurl/checksums.txt"
        }
    }
}
