{
    "version": "1.19.0-202212220256",
    "description": "Java language server",
    "homepage": "https://projects.eclipse.org/projects/eclipse.jdt.ls",
    "license": "EPL-2.0",
    "suggest": {
        "JDK": "java/openjdk",
        "Python": "python"
    },
    "url": "https://download.eclipse.org/jdtls/snapshots/jdt-language-server-1.19.0-202212220256.tar.gz",
    "hash": "1ac2e4607b3655a85ec75279a74bb280182f0354c6bfdc9fa171e2e71de9bbfd",
    "installer": {
        "script": "shim (search_in_path python.exe) $global jdtls \"$dir\\bin\\jdtls\""
    },
    "uninstaller": {
        "script": "rm_shim jdtls (shimdir $global) jdtls"
    },
    "checkver": {
        "url": "https://download.eclipse.org/jdtls/snapshots/latest.txt",
        "regex": "jdt-language-server-([\\d.]+)-(\\d+)",
        "replace": "${1}-${2}"
    },
    "autoupdate": {
        "url": "https://download.eclipse.org/jdtls/snapshots/jdt-language-server-$match1-$match2.tar.gz",
        "hash": {
            "url": "$url.sha256"
        }
    }
}
