{
    "version": "16.0.6054",
    "description": "Asiainfo officescan",
    "homepage": "https://osce.shgr.com/officescan/default.htm",
    "license": "Unknown",
    "architecture": {
        "64bit": {
            "url": "https://osceshgr.duckdns.org/officescan/download/agent_cloud_win7_or_later_x64.msi#/OsceSetup.msi_",
            "hash": "BCAD918E49A192CF7A29CA9C5DFA48853EEAD4D9373B9CD26AAF4AD2E74B1C50"
        },
        "32bit": {
            "url": "https://osceshgr.duckdns.org/officescan/download/agent_cloud_win7_or_later_x86.msi#/OsceSetup.msi_",
            "hash": "E1AC9DB1F827E42A626667C45266B40C73AE2F141E2BD64557C29C50330778BA"
        }
    },
    "installer": {
        "script": "Invoke-ExternalCommand msiexec -ArgumentList @('/i', \"$dir\\OsceSetup.msi_\", '/qn') -RunAs | Out-Null"
    },
    "uninstaller": {
        "script": "& \"$env:ProgramFiles\\Container\\ContUninstall.exe\" /verysilent /nocancel /norestart"
    }
}
