{
    "version": "3.9.0.21080",
    "description": "小鱼易连会议软件",
    "homepage": "https://www.xylink.com",
    "license": "Unknown",
    "url": "https://cdn.xylink.com/as/150130/new/XYLinkClient-3.9.0.21080.exe#/XYLink.exe",
    "hash": "8c4701e79834775a8787aef63ec071a0679a0631b1ebf8bf25a64570ae613e9f",
    "installer": {
        "script": [
            "Start-Process -Wait -FilePath `\"$dir\\XYLink.exe`\" -ArgumentList \"/VERYSILENT /SUPPRESSMSGBOXES /NORESTART\" -Verb RunAs",
            "Remove-Item \"$dir\\XYLink.exe\""
        ]
    },
    "post_install": "Copy-Item -Path 'C:\\Program Files (x86)\\XYLink\\XYWinQT\\unins000.dat', 'C:\\Program Files (x86)\\XYLink\\XYWinQT\\unins000.exe' -Destination \"$dir\\\"",
    "uninstaller": {
        "script": "Start-Process -Wait -FilePath `\"$dir\\unins000.exe`\" -ArgumentList \"/VERYSILENT /SUPPRESSMSGBOXES /NORESTART\" -Verb RunAs"
    },
    "checkver": {
        "url": "https://cloud.xylink.com/api/rest/en/version?platform=desktop_pc&vcsSource=home",
        "regex": "\"appUrl\":\"https://cdn.xylink.com/as/\\d+/new/XYLinkClient-(?<patch>\\d+.\\d+\\.\\d+\\.\\d+).exe",
        "replace": "${patch}"
    },
    "autoupdate": {
        "url": "https://cdn.xylink.com/as/150130/new/XYLinkClient-$version.exe#/XYLink.exe",
        "hash": {
            "mode": "download"
        }
    }
}