{
    "version": "1.0",
    "description": "Sybase PowerBuilder Standard Runtime Setup",
    "homepage": "https://software.company.shgryl.com/SoftWare/buckets/",
    "license": "Unknown",
    "url": "https://software.company.shgryl.com/SoftWare/buckets/PBCLTRT115.msi#/Pb.msi_",
    "hash": "A5796FE99CE26658BA7F8055EC94CDDB4ED7C424CC31D552DD420BB06B3A48BA",
    "installer": {
        "script": "Invoke-ExternalCommand msiexec -ArgumentList @('/i', \"$dir\\Pb.msi_\", '/qr') -RunAs | Out-Null"
    },
    "uninstaller": {
        "script": [
            "Invoke-ExternalCommand msiexec -ArgumentList @('/x', \"$dir\\Pb.msi_\", '/qn') -RunAs | Out-Null",
            "Remove-Item \"$dir\\Pb.msi_\""
        ]
    }
}
